,M0_raw_spread_h3,M0_raw_spread_h6,M0_raw_spread_h12,M1_slope_h3,M1_slope_h6,M1_slope_h12,M2_slope_curv_h3,M2_slope_curv_h6,M2_slope_curv_h12,M3_full_ns_h3,M3_full_ns_h6,M3_full_ns_h12,M4_db1_b2_b3_h3,M4_db1_b2_b3_h6,M4_db1_b2_b3_h12
1975-06-01,0.0472236639380597,,,0.04848567769722897,,,0.056396805092225666,,,0.646285044843945,,,0.07161837513890787,,
1975-07-01,0.1185458221896345,0.0021750768826998773,,0.12005897643839292,0.0006937199047247833,,0.12995551542861755,0.00022774343063079923,,0.7292287905086274,0.0005778184553727912,,0.1009297080345481,0.00010675793512515188,
1975-08-01,0.1490033315189664,0.005734389095749813,,0.1530885192869208,0.0025012359567808244,,0.16895579782664016,0.0013699931104275032,,0.7692625494712557,0.0034736344238928134,,0.14552308486690418,0.0006043164513250466,
1975-09-01,0.17730112170531898,0.012449721865120644,,0.17773056282652344,0.005780087733596017,,0.18474615719592347,0.0024606162882259922,,0.8309696003447857,0.007911447156329993,,0.1623597363919686,0.0011170543247889446,
1975-10-01,0.004778347838068165,1.687206679689971e-09,,0.00503696269229606,1.7515932424900827e-11,,0.006653337601932715,3.113432381751482e-13,,0.08971472108940637,4.013796494180795e-13,,0.014245410416595092,1.6101012489300623e-19,
1975-11-01,0.00930585578451037,5.764953193650515e-08,,0.009783355007087808,1.4902848973889238e-09,,0.01229233336424612,6.350396597966104e-11,,0.13023826072682854,1.6310172988098705e-10,,0.007055223585425266,1.9390097547648573e-12,
1975-12-01,0.003328761105649634,9.692238834265587e-10,,0.003673276476886573,1.1073438282775721e-11,,0.005182136345629857,4.0339899471492653e-13,,0.026856002821182254,3.4627881825255425e-13,,0.008557914357103227,3.0814095540184026e-18,
1976-01-01,0.0002348998093768446,6.194843034175878e-15,0.01854351001956532,0.00025045285584162155,2.5751051800794716e-18,0.01568118834858614,0.0003667564777280266,1.924573525361035e-21,0.0436044697749644,0.0035381935381798655,7.6453179352407155e-22,1.634095906810188e-101,0.00038179782993849707,6.3983590923034115e-28,0.038493944298642065
1976-02-01,0.004449709907140714,3.358948448426544e-09,0.04595231899662179,0.004883509429879102,5.74105707416132e-11,0.04226843269034956,0.006692262235600444,2.789051678865022e-12,0.10561649897471226,0.02739122747528634,2.122437795613948e-12,2.246352924474716e-63,0.005027671121378366,6.948872749812777e-15,0.11707673606890284
1976-03-01,0.0046042433582051115,3.3292037351204506e-09,0.04506877348906767,0.005011684143355023,5.950363203031592e-11,0.04143891635091574,0.006739550911361976,2.6870283199594622e-12,0.09125019015202723,0.022163831914278603,1.200482160911232e-12,5.89597527407692e-58,0.008253565515145212,3.1573870883481296e-16,0.07350696055064479
1976-04-01,0.003579967087550535,1.082512606278514e-09,0.03939507372776323,0.00419121994633057,2.1925521291048844e-11,0.037079822071918137,0.006437838884625482,3.0919908674987503e-12,0.13056122904791978,0.020733556053988498,1.4269492855657265e-12,3.210781425772023e-54,0.0037244924396498073,3.92554944874152e-14,0.1505693506567451
1976-05-01,0.02167344533767875,3.1911699928003877e-06,0.07517092145928106,0.02271681673110031,2.607241642453186e-07,0.07102940039162288,0.02702185090712926,3.285260797479879e-08,0.11107989668022761,0.10263472406199514,4.731196291745224e-08,2.22342106430155e-59,0.02374507934572878,5.777848375548748e-10,0.11097216880799576
1976-06-01,0.013259931428991168,3.9249534529692857e-07,0.05999989214869759,0.013979033976981988,1.9640098943133776e-08,0.05620335314808448,0.01702939632253835,1.632897048575038e-09,0.09408682582243527,0.05774368545925709,1.5103812427642637e-09,5.362361835838508e-57,0.021547173047115776,1.1570912721904336e-12,0.07462525223518361
1976-07-01,0.002283057543245187,1.6921279946316776e-10,0.02951825722428497,0.0025381493482286104,1.6178962018991102e-12,0.027078948189763613,0.0035773195460623297,5.3822403339869646e-14,0.07222572805095684,0.015539883995486264,2.916899280486047e-14,6.565954154828148e-71,0.0025361297811260937,6.289847971087682e-17,0.0771522815834621
1976-08-01,0.001971466812257544,1.0580028755762558e-10,0.026735314680487454,0.002292014191024262,1.152604619058247e-12,0.024889142680555285,0.00346508738501344,8.133535990357329e-14,0.08850624865077661,0.008443659221848964,2.2044877382493065e-14,1.046915922429718e-54,0.004474963375466354,2.649270945907407e-18,0.07018899550604665
1976-09-01,0.0013088318895990182,1.9568690296358515e-11,0.021835306191671896,0.0015730772863016412,1.6730617689073642e-13,0.020397491643274146,0.0025254373396692907,1.464644469329048e-14,0.09217133776716524,0.004930936121851997,2.7030033267287876e-15,3.4009853254810893e-51,0.002419265899689876,1.84538664861132e-18,0.08410550547947127
1976-10-01,0.0003312265348052868,4.4047154710630605e-14,0.012703401250990337,0.0004520396661360342,1.6386250703172054e-16,0.01209522511586718,0.0009269304108212334,3.5845568252019513e-17,0.11482770517634283,0.001316191658392405,2.8267396277872785e-18,6.956050829720367e-48,0.0006171981533623226,7.052622854498366e-21,0.12176478635721266
1976-11-01,9.569526145453692e-05,1.7268052738374407e-16,0.007708994553507524,0.00017455684522937821,8.134826127554805e-19,0.007995725209374143,0.0005810338378563462,9.699518247712372e-18,0.26639887610324087,0.00018363511739001923,1.2122631231553057e-19,5.191358065083289e-21,0.0005135504735429402,2.628451322064806e-22,0.2522010145283782
1976-12-01,0.0002370208956183924,1.0533428962851101e-14,0.010350270952226284,0.000348479991094291,4.177591710936324e-17,0.01013579115572895,0.0008044048710925818,2.6550437303267303e-17,0.137774370143476,0.00021498396227612749,2.4365688928911753e-19,1.5063135896740586e-21,0.0028320275784296366,7.150660092609785e-26,0.07222086052780113
1977-01-01,0.001128259374314805,1.116137106787986e-11,0.0184116266558422,0.0013583907465199248,8.453832984739138e-14,0.01731978219677588,0.002171163643723213,6.90585291576626e-15,0.07813089631697791,0.0029214511177055413,7.435886446813295e-16,1.1583918893008857e-44,0.0010286951545340087,4.3912097823134196e-17,0.09947712630102346
1977-02-01,0.0004660327842147363,2.1938651249514182e-13,0.012642994131301806,0.000578906087462858,7.332705447840631e-16,0.011820882011283746,0.000998006003289733,4.161157785893168e-17,0.06589771733528704,0.0017016853324763616,4.0944927764786765e-18,1.713572720839914e-54,0.0005885559350259692,1.6711353451519042e-20,0.07492575492669354
1977-03-01,0.0002168328062077626,7.208797608045302e-15,0.009082223693341628,0.0002723934322028735,1.0812587187828456e-17,0.008399087774571696,0.0004885123484239446,3.3020236720005935e-19,0.05144378038490141,0.0008373461504811209,2.1461806797082975e-20,1.273918932559311e-59,0.00042564064382104197,2.672866322273586e-24,0.04872515105234254
1977-04-01,0.0006247118665771283,8.349481535098523e-13,0.01328413011349215,0.0007876649475069108,4.2711800749646355e-15,0.012630874263771706,0.0013694326367842617,4.530328201438772e-16,0.07198334490453995,0.002163021735663308,4.984439173864422e-17,1.1994910161308315e-49,0.00108042967341338,6.518128544207222e-20,0.07181376612484196
1977-05-01,0.002749255035416879,5.86418835590592e-10,0.02325566829795515,0.003466974499935779,1.5603349750056965e-11,0.02295945307262654,0.005748234897262294,7.972546382640586e-12,0.12303777809126154,0.0070154798116632494,1.4489608430168651e-12,3.517241712549852e-33,0.005591824046705431,6.625725757142496e-15,0.11405444194022679
1977-06-01,0.0031546222609437065,1.0751750721933382e-09,0.023855944990407767,0.004006678753331184,3.462400784095887e-11,0.02375119074031498,0.006682508846223781,2.3208515278569365e-11,0.13181794790216084,0.005869437566780252,3.014620858013087e-12,6.687691468238984e-26,0.008655653464803362,4.569752011535676e-15,0.10671673314317742
1977-07-01,0.01408408559971273,6.94683045364553e-07,0.04521644406967929,0.016391044414275562,6.912673780806788e-08,0.04494611092383476,0.022781208626015407,4.308001173115081e-08,0.14165326116813398,0.029893174736051294,1.708569025007426e-08,1.2527956971425445e-26,0.019783229222064203,9.247631637304918e-10,0.14235436229281972
1977-08-01,0.04467950367498991,8.778348484407229e-05,0.07712028660820468,0.050748853326618736,2.4748518694615976e-05,0.07812220884395395,0.06547792236831573,2.942360698211648e-05,0.20439860965745638,0.06663883151859627,1.4519784448041783e-05,3.322559370405997e-14,0.08296484478379068,5.196425643361892e-07,0.16736306941023282
1977-09-01,0.08255152215835304,0.0010407574638747058,0.10450603431549188,0.09098222115052201,0.000449717352880815,0.10600506912301771,0.10992823406874569,0.0005458310567529283,0.2231546961118187,0.1293654489137988,0.00039910360552428023,7.3176294842686e-14,0.10423884490155866,0.00011507107019506704,0.22082187421655375
1977-10-01,0.1579128036905203,0.012529484433857586,0.14849775989595232,0.16553640194124702,0.007488599023519626,0.14905384458010013,0.18171763543808322,0.006937422353108726,0.21022503366856649,0.2645181335469686,0.007640670705832035,2.0182121406323363e-17,0.17370341589851135,0.0028517347002488627,0.2091359687548126
1977-11-01,0.11878775519381446,0.004627492282408146,0.12763379464165803,0.12720084772901186,0.0024520681309073314,0.1288114945082613,0.1439206721345535,0.0025902415326011516,0.20747574246849343,0.2038476785794821,0.0025922502835919207,6.95224819360211e-17,0.1430480255411543,0.0006583138430558901,0.19900597473171017
1977-12-01,0.0722654395401263,0.000781291839698927,0.09946878519808727,0.07799659980592548,0.0002877145285518595,0.09964718097341302,0.08909167391477418,0.00024296542620491946,0.1652434279192998,0.17028496759387907,0.00029660140462707334,4.498457485137944e-28,0.06484745183493959,0.0001359180925054957,0.19535897416309222
1978-01-01,0.09974483776445914,0.00301369356450866,0.11901032202275696,0.10711335252101772,0.001467558287846136,0.11994981895455442,0.1196164691456078,0.0014802216777871449,0.19161679655461616,0.2473906072999898,0.002291591011668019,5.408741575775246e-30,0.09715940475857404,0.0007981381045463637,0.21156655064017915
1978-02-01,0.09444360268250684,0.0027583360223142677,0.11707110655906428,0.09937946811452208,0.0012038972041192007,0.11666210396298116,0.10746923450516033,0.000885636709665122,0.15920895877676983,0.25088084572337976,0.0015614179883918515,9.219417415685025e-37,0.10721767433287366,0.00016115182136864175,0.1521389607864207
1978-03-01,0.1104541128646449,0.005153904487692991,0.12793803689020583,0.11562670424297167,0.0025429144949310253,0.12769322946889672,0.12341994257981759,0.0019711852644140725,0.1679433941452642,0.2948860962398357,0.0038612010901133125,6.792515632254241e-39,0.11259623624134368,0.0006983321033266557,0.17221087967553278
1978-04-01,0.17536587013842064,0.025678277850057017,0.16502999726673662,0.18062910287464667,0.01693311109995463,0.1650646121265662,0.18765393389404172,0.014321198601902159,0.19291693922418723,0.4056070828481759,0.028017097514625968,2.956130795763299e-37,0.18695721767293932,0.006214885720283743,0.18710602789760744
1978-05-01,0.20526710625244765,0.04433900127644327,0.181037211857552,0.208567378990955,0.03117276998242281,0.18034995561224693,0.21304685011833463,0.02449208589631479,0.18750711931350067,0.46799295497512083,0.052555693105040005,3.2448014707216682e-43,0.19687916157147434,0.016393066150835574,0.19343838473986447
1978-06-01,0.3694409046941224,0.24928823957878926,0.2592594928436066,0.37182446352589327,0.23355304260196774,0.26001292594857484,0.3742760253233477,0.2242029597516994,0.2504754872233499,0.6722677111225941,0.38440822753802295,2.046064770023534e-40,0.34787252009553415,0.23227878095895332,0.2622142239417756
1978-07-01,0.38303192076356085,0.2807911197545413,0.2666839724570176,0.3840988026098627,0.26556749608131436,0.26709231183984483,0.3851656275291361,0.25120070042525827,0.2480844746267093,0.6406580842893062,0.41045257982446476,1.1279822495827297e-37,0.431369768660935,0.153766588624912,0.21362022204002018
1978-08-01,0.5381763351810668,0.5953185489236722,0.34091229601059303,0.5396936749356255,0.6162319225934288,0.3438414196203213,0.5401861940329944,0.636959393444955,0.32275817997769585,0.7246110284783569,0.7854472098406418,4.1115112045285983e-25,0.6070622396144449,0.5166064361956045,0.26987265824612683
1978-09-01,0.6316660322345555,0.7798171041736535,0.39221135055519085,0.6397297846104877,0.8234341178342652,0.40055983243183557,0.6446339499188423,0.87953925243261,0.43075303035143275,0.7759728054917563,0.9547711398143597,7.64446863965069e-22,0.5848258649484122,0.9481056745743881,0.4731326559644511
1978-10-01,0.9499525878400776,0.9997545793507882,0.6696300237750755,0.9488270388729684,0.9999488877458671,0.6783358122823012,0.9469347298585398,0.9999865811662972,0.6042948089589825,0.9766877955379532,0.9999996922679174,2.4453574952254853e-18,0.9412469011006868,0.9999992918718221,0.6153751282317144
1978-11-01,0.9785070760530928,0.9999948861754278,0.7503420838339177,0.979157224246211,0.9999996708705481,0.7640963921245292,0.9790359841345619,0.999999987531729,0.7580224602441865,0.9871032219094626,0.9999999998740855,2.3326202094554466e-07,0.9827583326390986,0.9999999992421801,0.7269944626260177
1978-12-01,0.9914611438357029,0.999999968164316,0.8238265710206956,0.9911226894682712,0.9999999993059786,0.8332270327926969,0.9906408936241884,0.9999999999858142,0.7722188962894091,0.992519511629279,0.9999999999974722,1.9203772111039246e-10,0.9914519783711019,0.9999999999999235,0.7616177069331254
1979-01-01,0.9451870403149271,0.9999949698902596,0.746942034152983,0.9473625242506379,0.9999997753780273,0.7618172755734801,0.9481389541384891,0.9999999970781294,0.7715080753300594,0.9352182317708339,0.9999999928603425,6.651723875502704e-08,0.9602531480867335,0.9999999998071196,0.7400697989845274
1979-02-01,0.8975889543248077,0.9999823102147045,0.7401420954313143,0.8984967303923149,0.9999985388699745,0.7522741201662222,0.8976758476660311,0.9999999356651653,0.7239368910930252,0.8454899846848027,0.9999968860907754,7.054174087057639e-16,0.8912829299325643,0.9999999996900002,0.7302225999764755
1979-03-01,0.8060552251331359,0.9996096407058057,0.7032638459141859,0.8086029993076529,0.9998988898435308,0.7158272977083495,0.8094401166026135,0.9999711348787682,0.6952413439767574,0.7080344732661833,0.9990839388095113,2.554728692552075e-16,0.8370061285870207,0.9999760432220016,0.6494835237264149
1979-04-01,0.7433832121439546,0.9725522070454359,0.6804631645589321,0.7453803334271122,0.977731349085068,0.6925309543504026,0.7456610335618017,0.9796344687835923,0.6667691031698801,0.5806726302752776,0.8466428172725511,3.2944507658152313e-24,0.7269888835479479,0.9863034629543452,0.6833696257802895
1979-05-01,0.6471163830831426,0.8508461159243692,0.6182896477992078,0.6533735699245447,0.8633575241642292,0.6339322682568074,0.6612008268745037,0.8835201360874207,0.6660279478357711,0.49667618152609655,0.5934548019280073,4.3273490979092456e-18,0.7071552110341454,0.8427095211631948,0.6018524920349515
1979-06-01,0.49875180953278325,0.5900255689809079,0.48795123696067544,0.5058013412712353,0.6045098302624915,0.5021055316424312,0.5162580479150529,0.6585277506120764,0.5563683288265703,0.3562454606641442,0.2823888436991462,6.051118621692741e-18,0.5807725048326817,0.5365303846673456,0.4578025965635635
1979-07-01,0.540559016692169,0.6321043605922997,0.5503031745355712,0.545114866712654,0.6419865659917046,0.563562920016599,0.5510806223108211,0.6673119645309628,0.579893683210468,0.35497425741158345,0.23670326064302694,3.48712026181179e-21,0.5424821383441979,0.6851307457484903,0.5815378633889146
1979-08-01,0.6897528526250475,0.7988178026367486,0.723656317064419,0.6892595172653624,0.8028616667976192,0.734250903010085,0.6860312632184442,0.7819416411540417,0.6703681028841012,0.4940036664758987,0.4058469000269852,2.1602181429686788e-18,0.6971345338192976,0.7615365211264689,0.6414521598573597
1979-09-01,0.7355060480423985,0.8287840423897815,0.7728042153352943,0.7368644054810982,0.8348941238432814,0.785571584805588,0.736701374314729,0.8316918334404503,0.7545778462640911,0.5486629189254949,0.49101925823176884,3.620685255841113e-16,0.7201110906256984,0.8687683082575117,0.774932012959644
1979-10-01,0.9219606278581196,0.973579546877383,0.9359643114950436,0.9170158694397146,0.9728847539315976,0.938997177901584,0.90923703698263,0.9326192889892665,0.7835639798776428,0.6194095683455155,0.39002843347317506,6.597126271407489e-46,0.8633269351355243,0.983477051119918,0.8850858299495312
1979-11-01,0.7641346462233001,0.8568912148366774,0.7607782438970747,0.7630350240641013,0.8599519804408402,0.7711996523311104,0.7592131842341363,0.8341823643720307,0.6935082477643761,0.38062761445682153,0.16931351359679925,2.7457272792875673e-42,0.7672726128964403,0.814977283938005,0.660186101719624
1979-12-01,0.6907235397686068,0.8048709909014955,0.6613650789277111,0.6909877070577541,0.8092478115190724,0.6732083186830181,0.6892016423209748,0.7921434771491802,0.6239460622861411,0.2791010258548605,0.10098622292779147,1.3895823307424279e-45,0.6968331869018927,0.7829660465635617,0.5980430721282973
1980-01-01,0.6034790087509125,0.7026239775319771,0.5716968812058003,0.6109625787958114,0.7158504989510313,0.589553659604617,0.6204371068081169,0.7670001173389326,0.6833069555767916,0.08145899654854111,0.002282266306995382,5.38747863117434e-94,0.4538786707655969,0.9779838751606968,0.9000340907871744
1980-02-01,0.9554737848602396,0.9942896763270915,0.9472205287822669,0.9512726956173565,0.9938374675449954,0.9492078645132465,0.9428116497210913,0.9710032798272134,0.7150589873533211,0.2771060054040454,0.02205771257741401,2.236538178601616e-148,0.9207295076454446,0.9927183046586333,0.8095370193509409
1980-03-01,0.9661020075225675,0.996579680246021,0.9594553641637906,0.9657202508629581,0.9968624986970916,0.96449584025433,0.9640927212873973,0.9945180775841215,0.9306982537822464,0.47062819274421797,0.231447378694211,5.778117740747163e-95,0.953392409046824,0.9987191251799209,0.9559624706219152
1980-04-01,0.3138040107298248,0.30631286194582996,0.28548528684741126,0.31825308417439047,0.31236250240241314,0.29205208232740476,0.32475827664815893,0.3547346302035963,0.3478660592988343,0.006790172959895007,4.802227895877587e-07,8.204214681689072e-146,0.5456651035669192,0.019544529323059764,0.06198384870409947
1980-05-01,0.03661833412836706,0.010147641020573563,0.0305594502768341,0.037681515196132526,0.010083914709967869,0.029607266290065916,0.03986932575478887,0.016272880067120667,0.0502052270170205,1.5046902666059571e-05,3.6135999344245096e-16,4.251739538546789e-233,0.058222836654806806,0.002717954915719869,0.02046943994389566
1980-06-01,0.03925560575707982,0.011409703719945218,0.03283439645020686,0.03972259715216291,0.011038844044720152,0.03132708548507945,0.04095589509299728,0.014264154728939306,0.03832185401919046,3.6225656829831105e-05,8.152475263827335e-15,4.154619816196013e-208,0.05788737725985769,0.0025879032469713413,0.016059948575874044
1980-07-01,0.044155396936316295,0.012535701567086065,0.03296144766130532,0.04579986210190345,0.01278350008643487,0.03275143714553228,0.04905396820502386,0.021757440002634052,0.06568168005621464,0.006807019147913374,9.786640558231097e-08,2.7422865901252992e-08,0.021538979487478863,0.15011847226218433,0.13988496522359917
1980-08-01,0.217664768663909,0.1858384184533418,0.2067731067326274,0.20804767233840843,0.17469167366698474,0.19549193132669596,0.19417820452550943,0.07903691322791062,0.06427829225920813,0.04072848398827265,3.4910444538099854e-07,5.050923968866092e-10,0.17735439069000164,0.08621813074027557,0.07274528069755806
1980-09-01,0.4441423399452433,0.3780552794635461,0.4221532989729623,0.4408065029456737,0.3765615959996266,0.4215274159903428,0.43512261087345366,0.3317849526565367,0.32532389680047513,0.17150745611950657,0.00015376154273284137,1.5718696871475042e-06,0.3570129392479057,0.43603803232932925,0.41945457355682814
1980-10-01,0.7049982265390917,0.6091621915841761,0.6140575064502045,0.7014703844338452,0.6103624047325025,0.6185603347379127,0.694789834599979,0.562230286726562,0.5027320881128468,0.3909723974273085,0.0032612619525476468,1.3023099527573087e-05,0.6355455454244106,0.6555479387618761,0.5298140965289597
1980-11-01,0.9450386013926926,0.8876032180480192,0.8547444840790697,0.9431502203163183,0.8895390884600671,0.8602179985597987,0.9383675029535289,0.8498849842036582,0.7371278810748318,0.8165885426292836,0.22970688106366516,0.0032942035548534595,0.9485879839016157,0.8001290140555524,0.7198985570594592
1980-12-01,0.7619928280563774,0.6769473101193404,0.6170244391132234,0.7571670746137925,0.6768572284116672,0.6204224976467904,0.7453026997742901,0.6011166016731684,0.44963463649103114,0.4472364229544709,0.012209103075687469,2.81694990121784e-05,0.8072575292021819,0.4668260601448385,0.40222406863466686
1981-01-01,0.6979640641671587,0.6358083650705687,0.5614226003933636,0.6949963555445944,0.6369165544426861,0.5651618092146439,0.6847654392143321,0.5853903717990289,0.4372310458092231,0.31069756541841537,0.003755164478911237,4.093931252484167e-06,0.6452065280186521,0.62892376628804,0.4289327541013244
1981-02-01,0.618862454480091,0.6104421757319358,0.4807665345465643,0.610187572584606,0.6042499381576059,0.47979427748516357,0.5739871266895685,0.44347127833989447,0.21795995690804149,0.11037648486239832,4.6711906682894414e-05,4.1082082744223415e-10,0.5020456964831524,0.5312727168205216,0.19979219714017238
1981-03-01,0.28551493655587146,0.26581634812531685,0.23701555823634118,0.2725797536143949,0.25159552221367987,0.22904324711415153,0.2223513430479796,0.09206145607226462,0.029525830366820247,0.004499763021327236,4.6248146123179304e-10,1.9275880041558306e-17,0.26854375525524427,0.05253140526129085,0.03798832560430224
1981-04-01,0.5994336367850707,0.6093003210424006,0.44279448864651827,0.5918800730653803,0.6037349461651336,0.442107474479863,0.5495259992736681,0.4395451179823188,0.1894339780516296,0.05248825333693221,5.690935109918495e-06,1.5999307880553786e-12,0.40688787774311075,0.5954009663668601,0.18873359394600964
1981-05-01,0.615097109145181,0.6008253083740311,0.46648311323694974,0.606505571176674,0.5943256975953018,0.4647626291172464,0.548175457544608,0.3915863745551805,0.16634796555378184,0.08565809327624879,3.582011407142837e-05,1.2843797867511282e-10,0.6842544278572211,0.2224707204322292,0.1634767541054723
1981-06-01,0.5552379524090366,0.5254303535909276,0.425775201635672,0.5425172629155139,0.5143696082002741,0.4202287943020502,0.45597605224488275,0.2513628994629229,0.08692630528077722,0.03461642382671783,3.9511711262134495e-07,4.415436332750895e-14,0.4453784580812395,0.2494945696615547,0.08696988747361534
1981-07-01,0.6928612119379141,0.6665801778738976,0.5305225850308027,0.6800185025730716,0.6561158843676894,0.5255580208815984,0.5841710379239646,0.34033215469031675,0.10254976480112976,0.060474424072034426,9.060529795395357e-07,6.471174142606787e-15,0.5127810677773305,0.4308432980893312,0.10427363034130738
1981-08-01,0.7011954929254695,0.6752515137166858,0.5373753142207472,0.6891960005144939,0.6656952660220137,0.533111947484665,0.5983031989712019,0.36285725225908905,0.1157327884353247,0.035213230758616924,3.161690932205609e-08,7.584671706410705e-18,0.4917471654969952,0.5116417659043317,0.11869832098852034
1981-09-01,0.3858592509845333,0.35674850995421004,0.3095692776821965,0.3626501615142628,0.3342035051474678,0.2952244700489888,0.23480891667693604,0.05023107401647289,0.007085139102366593,0.00020414881573009718,1.687204212549685e-18,1.8192867575269645e-33,0.21276100912519336,0.053827368357624784,0.0071391591204260545
1981-10-01,0.16402382713255526,0.14499043446515902,0.16010553767958519,0.15550105190523683,0.13587769082965145,0.15274091906366177,0.11402383818214773,0.0386704896557273,0.018201971612379214,3.199116809675908e-05,6.526131170053443e-19,5.648794015468173e-29,0.16490114971448855,0.014039947832848248,0.017523574722534692
1981-11-01,0.06456601766396998,0.054793330471403535,0.08321901455358133,0.0609403731406891,0.050496383050522835,0.07820553528631935,0.0459409183088881,0.01553968650284663,0.012528116511109176,1.3380140595297439e-05,4.262525753202036e-18,1.4252657728755236e-24,0.12698928307857826,0.0010270213026671263,0.011451865990574062
1981-12-01,0.1057291735216277,0.09161289003001688,0.11699135430211483,0.09721090163202767,0.08266499554704815,0.10861513088529612,0.059900007710510864,0.011475803503713676,0.004321296817235983,9.583386900864897e-06,1.595097990958791e-20,1.5427649323745339e-30,0.03521949640523521,0.025165144598497544,0.004503163056809074
1982-01-01,0.19937757859684896,0.17791071676999093,0.18483975806954295,0.19055799492072,0.16855492784066095,0.177792762831682,0.14566481660033925,0.0569305272242528,0.02708013237858385,0.00018281442288403533,1.2580947864532802e-15,2.6860049388425005e-24,0.11608105608340058,0.07748453056526704,0.027539589530905274
1982-02-01,0.2526611588782894,0.22817973918782436,0.22103595187364922,0.24126745024134932,0.21654024393172366,0.21297040819262059,0.18079912844731644,0.0672519493280841,0.026108343794076373,0.000531772076167334,4.331871631082746e-14,7.718655373428483e-23,0.20571754572127937,0.04431284626465337,0.025692515657577387
1982-03-01,0.340078562474028,0.3121270282404633,0.27917607788240784,0.32594310846804175,0.2982484224796474,0.2704221416546101,0.2459592295139918,0.09412709565965993,0.03036548295959221,0.0019812370346411288,3.700373250770347e-12,6.369572150160285e-21,0.26754680094484085,0.06897173758277778,0.029988395090806863
1982-04-01,0.25935857950435093,0.234549119948742,0.22552587522436346,0.24735546669588404,0.22235240163400077,0.21713802600564314,0.1835216587789531,0.06614069881978854,0.024395817337654162,0.0009303862825137184,5.925495693434542e-13,4.1421977781349566e-21,0.21846824372176143,0.038739560290698895,0.02388524381370299
1982-05-01,0.12968222795371348,0.11339410621540735,0.13517260027663902,0.11992636370757681,0.10321227605542171,0.12630441504916678,0.07570747925845725,0.015790958175920657,0.00556689562496286,3.661445590763703e-05,3.38232449671967e-18,1.590485669512968e-27,0.07767514294706013,0.012181340308881107,0.005530351592945104
1982-06-01,0.2593355468508385,0.23452719686114648,0.22551045087308502,0.2423244141571712,0.21754856917809257,0.21369462268453032,0.15591504857441246,0.03444676699647839,0.00749758780221883,0.0002455701896253747,2.7996850377305467e-16,2.8019953635724705e-27,0.11751281376586908,0.05249612523187616,0.007689556755613458
1982-07-01,0.060020797620781344,0.05078548071689091,0.07919368702821739,0.05317187073261474,0.043734840573649805,0.07116272044734917,0.02663092110085929,0.002569947843289917,0.0007985077613723483,9.734408465693785e-07,3.71198844606834e-24,6.385330908147849e-35,0.04064469352729164,0.0006983858216700399,0.0007630202867925017
1982-08-01,0.02789821417405743,0.022917597185237726,0.047543902299343216,0.02362784767289114,0.018623378510875203,0.04105100058883411,0.009296638201162395,0.0004038765341157185,0.00011364063960887463,2.0309625212493495e-07,8.705710366757265e-26,1.0625625885842525e-35,0.023128459882615963,2.75845855358214e-05,0.00010345166068256815
1982-09-01,0.023704951079601907,0.019356795729850156,0.04274212815495188,0.02006009860835569,0.015679620670081364,0.03680817637288936,0.007960552248354255,0.000354788015655581,0.0001148165433592562,7.463119729909036e-07,1.1103242219319245e-22,1.495192614272512e-30,0.017254978754001525,3.637800358419488e-05,0.00010616844474125704
1982-10-01,0.03609306446087276,0.02993731925959074,0.056335020420666314,0.03416152049744599,0.02744555236265559,0.052600962436088375,0.027132074985173817,0.009936109624241768,0.01149615509384527,8.175000817497416e-05,3.1828035904404717e-13,5.25099549600011e-16,0.03356219628814251,0.005484232985555456,0.011293801121690726
1982-11-01,0.05375695603753863,0.045284901617083054,0.07350787672486102,0.05185280799580511,0.042592197055030555,0.06994099195411532,0.04516297919958252,0.022172262508285773,0.025337223234678772,0.0003885316562609702,7.683961256916897e-11,3.7535200274529164e-13,0.04427513163973876,0.020021131452147265,0.025316324839402226
1982-12-01,0.038168780175085494,0.0313776302521455,0.05780913644831515,0.03704490154368965,0.02949406230797253,0.05491573652112637,0.03407094430959665,0.018115152859605993,0.02585087502925133,0.00025367291036248264,5.092152543117849e-11,9.919658932508204e-13,0.037496968771120937,0.01306821017162266,0.025643475525495698
1983-01-01,0.022913854510711852,0.018428822122154975,0.04094344783116214,0.022857598384272832,0.017701678248222445,0.03925697683267483,0.025409248166171468,0.020130455997357757,0.04309940754609934,4.797629276897733e-05,4.744674751849584e-13,2.4812594867219472e-14,0.011686538636610054,0.05457984694745818,0.044428866294200745
1983-02-01,0.032764288248268304,0.026893417789251802,0.05166677816014679,0.032958105758289294,0.026239263232114323,0.05007761136305721,0.03768768463013496,0.03362378086904119,0.0642857557776047,0.00032710786050423073,4.2763782873776316e-10,7.145382779834509e-11,0.05350243712850046,0.0162369347929362,0.06300545436111468
1983-03-01,0.0602628195255613,0.05077734540989298,0.07750896134358301,0.05985007933210299,0.04936912255024495,0.07519630190303167,0.061455323464453177,0.04657608698390815,0.06301408053028154,0.0009594252777192199,3.4246146129790197e-09,9.491576647932393e-11,0.052336955535405835,0.05492009124828261,0.06355266818259551
1983-04-01,0.04284757770775749,0.035615929729062884,0.06128546676936918,0.042647542597075205,0.03455719075654309,0.05912973859443682,0.04510460644616903,0.035394706712372145,0.05584547376004052,0.0006400460851805786,2.1264955830460726e-09,1.737198675738139e-10,0.05394608892575882,0.02340663548644574,0.05500084882010846
1983-05-01,0.04762589590303048,0.039657872412738895,0.0651333516564679,0.047163392336047896,0.03834930918944465,0.06275629095489664,0.04808842714427979,0.0353059329642609,0.05137158595941348,0.00035788982863968445,1.1222767642818933e-10,1.7417559828405705e-12,0.028307061127411538,0.07144945504389541,0.053294966837127346
1983-06-01,0.05517893520155151,0.046393139874104886,0.0716111126761002,0.053969369962715515,0.04438990979307126,0.06855524353834126,0.05074747382908719,0.03131759429410531,0.03831152705446369,0.0003992466508670695,7.842441561780658e-11,3.797501391574684e-13,0.04808646968289405,0.030504867693301695,0.03837652696829777
1983-07-01,0.10271094274604897,0.0719888873761871,0.08510497349345414,0.10423742439993844,0.07148517562359963,0.08260819982927814,0.11299327034979639,0.07448658769490937,0.07111047112819226,0.2171301282117601,0.16950545307924803,0.1601188729182027,0.045670731261942744,0.07755329606591799,0.06352187596925042
1983-08-01,0.09905851893692258,0.06920016028939018,0.08224054193488595,0.09998009960733273,0.06819411579139083,0.0793510457802174,0.11835595064637638,0.07309029927540636,0.06486673108575786,0.22195459822499786,0.16407512339994867,0.14780627510093614,0.0884908074218187,0.07418314159531225,0.06281250944759756
1983-09-01,0.0826303005595111,0.05552638759672777,0.06899908303058223,0.0841610701331334,0.055103851839896974,0.06679326550120272,0.09154320237763203,0.05777443852315338,0.05712418678130724,0.16916372376219835,0.12641940491758868,0.1267500873132742,0.11868076308615405,0.05685887853985262,0.05961791705487619
1983-10-01,0.054234927463011215,0.033230294791974695,0.045757794147842895,0.05571067806177599,0.032973205486549195,0.04396458014577938,0.06025235853365559,0.034834190624208054,0.03670584158290929,0.12821547111570136,0.09332340168760689,0.09921485272657271,0.03161995073565898,0.03592841642948378,0.034292314336756176
1983-11-01,0.07648298968118515,0.050837087056459805,0.06390238070459711,0.07840336532530819,0.050771477986235644,0.06214380483543565,0.07831521779488045,0.052094586019358124,0.05562462535869851,0.1507711694837658,0.12185595873536159,0.13088127021413154,0.06907559764132432,0.052243806012809174,0.05512371078050262
1983-12-01,0.07120020172835563,0.04660645953276986,0.05952898958883562,0.07283140922290389,0.04634938494466941,0.0576303695319287,0.07625810716708022,0.0483419608967052,0.04986745279609506,0.14768222243900897,0.11531283099524114,0.12087486389941882,0.051447576065453346,0.04882763693428115,0.04791213308638317
1984-01-01,0.06535184005918356,0.041922693888352416,0.05469992425525482,0.06785466598412439,0.04240132429262058,0.05360515079478724,0.057924116364310316,0.041618315998777695,0.05191900466106009,0.12015631512129249,0.10571951586615452,0.1286799950363854,0.04866018050587094,0.0416389391316322,0.05118401846636299
1984-02-01,0.06165540475857461,0.03910965035391783,0.051653393396719455,0.0638003498331623,0.03934885166329526,0.050346795543338145,0.05805081457837478,0.0393814361578259,0.04674005756078012,0.12367852667482682,0.10463787713826173,0.12171336834246943,0.03021362124422147,0.03930427457598744,0.043687195975054556
1984-03-01,0.07955838546073363,0.053543073378089105,0.06605834337966661,0.08051788788093045,0.05274951842549782,0.06359173283432995,0.09389719399721053,0.05663878676515499,0.051683782841488765,0.17516690993901118,0.1312867372926721,0.12232866347835475,0.05839008861740156,0.056739918557175466,0.04885202040710085
1984-04-01,0.06467568424033635,0.041797762283406564,0.05378408238534692,0.06521551789373291,0.040800200908806615,0.05119733965634061,0.08424720705016303,0.04535264731387843,0.0384682341950621,0.16319033392810445,0.11317501476864267,0.09908976980153256,0.048431857331933656,0.04527883409067203,0.0360458083300411
1984-05-01,0.0502242854936956,0.03077889914433633,0.04186127789626947,0.04858823937278323,0.02836581131311565,0.037851392410852246,0.1139687749181737,0.038538994384395064,0.01832969009028389,0.20576523822696552,0.09591980534766004,0.051728332699700195,0.0386045508567624,0.038344829733976814,0.015391169620117311
1984-06-01,0.06441066194400785,0.04185905574423952,0.05325550090235232,0.06113946600379022,0.03793354768717413,0.047691320902298946,0.16635760723491227,0.054199445852183885,0.020421473925962046,0.2542580869688358,0.1082885738407271,0.046863822011333586,0.16333875939980086,0.054227748101906774,0.020514885510205527
1984-07-01,0.1327418272809367,0.10064038005799414,0.10866728589572816,0.13033082361615994,0.09676045889465817,0.10341430536281326,0.19791312953719103,0.11197424976894726,0.07211995959772478,0.28641819653459777,0.1939749358795469,0.13217490496417295,0.27416446633174685,0.11257671340300107,0.07787389689971713
1984-08-01,0.18118790010207864,0.14629984735304907,0.14820692567809135,0.1758951707728884,0.1396672405320637,0.14085864641482543,0.2838872127223179,0.16479821467867628,0.0938676683850197,0.35837999486583644,0.23744138189205077,0.1433157820361216,0.33221304250139494,0.1655323212869913,0.09789574566455511
1984-09-01,0.1557766331313999,0.12216994633816591,0.12712710177158587,0.15178738395529112,0.1167710410751655,0.12069050737639508,0.23845749258888854,0.13726502452283268,0.08077917111815525,0.2997034713690183,0.1972304872943733,0.12239216579349405,0.2646459034832437,0.13787642745403378,0.08298350506084762
1984-10-01,0.0953311094434835,0.06813324423507712,0.07814249105049689,0.0940402619145505,0.06539277589651057,0.0738939769961285,0.13956003964349684,0.07614329297723821,0.05007230747880715,0.17722465907244023,0.1116075209750641,0.07671198359555419,0.20214457018792453,0.07755589796830221,0.054600910346330155
1984-11-01,0.050462353484337245,0.03200214517220677,0.04194492382627378,0.0513827296178473,0.03147022623925644,0.04003297771892933,0.05773663739283425,0.03394740297853527,0.03130108999894068,0.08585259482750784,0.06256901887127493,0.05873723894636871,0.04049155012019027,0.03344430798209097,0.0297515035586319
1984-12-01,0.025715093598201063,0.014345031719797749,0.021877837971817686,0.026776228063337914,0.014272603542144728,0.02082115577799225,0.025923991436315182,0.014883245323387312,0.016911276104433378,0.043154178027685855,0.0326818063150882,0.036990937841840085,0.017185806423654155,0.014643262641676508,0.0159866802452092
1985-01-01,0.040540649350140893,0.024827997634404003,0.034099961263032295,0.04201961514054652,0.02484673490221955,0.03288534672641268,0.03868228371640743,0.025252534428712895,0.028596321878284276,0.05798122080676475,0.04657251943839034,0.05256146754277315,0.04495309641958427,0.02544018296806771,0.029802186927530994
1985-02-01,0.034526732791062976,0.020332906229405173,0.029150025429342634,0.035651859746507586,0.020186086149548543,0.027847001642296296,0.035549849261207536,0.02097667864184663,0.02264487555191161,0.05840410044896786,0.044445743754037155,0.04762716372153068,0.009945438331201291,0.02059851666652062,0.018402035088233813
1985-03-01,0.033812948276578915,0.019622855587896258,0.028378154154097803,0.03482622454576336,0.019422636486590737,0.027032839731885482,0.035904724789981635,0.020289667245971466,0.021477385200570145,0.05578526726072557,0.03964565877248862,0.041752877466924375,0.03721499632374479,0.0203075391421625,0.022004079193254856
1985-04-01,0.022702555239005214,0.012085089043959751,0.01923458624250429,0.024104399216762395,0.01230844537196488,0.018620830913407226,0.018170902901383155,0.011918082780113965,0.017575788519753437,0.03163880946276906,0.027127409008628253,0.0376342640060713,0.01386879988458277,0.01193241954199297,0.017049359546471438
1985-05-01,0.023800549366331032,0.012818552174943647,0.02009583726935283,0.026073037563363623,0.013590532703209717,0.020135354288671286,0.012590335698455184,0.011802055023889335,0.025040702125533356,0.021257364061592367,0.025154511435792486,0.048327440748872075,0.028319534979856485,0.011779354431566778,0.029533889248805602
1985-06-01,0.017792099230703688,0.009078055661748642,0.015103980967140922,0.01956190324486195,0.009602883766174405,0.015038860430115736,0.009615942221347921,0.008410179605303603,0.018253149249616955,0.016054365164142954,0.017962409056642425,0.035599928164299285,0.007663229546329024,0.008410927746808109,0.01789180171378206
1985-07-01,0.022539774407099675,0.012083160635880382,0.018770699864273675,0.02449971710089161,0.012680080039733836,0.018657144298422888,0.01329051333665511,0.011327728709982533,0.021940430405218137,0.021974705435144137,0.023800072535354624,0.04203101648733414,0.006565749450264793,0.01134459365964805,0.019911434045372774
1985-08-01,0.026801812736978115,0.01491516777412874,0.02195493718561797,0.02887198482883183,0.015553303651817644,0.021781184925355572,0.016966566083518583,0.014116945773290443,0.02498916470590601,0.025815207065617705,0.026332398189423713,0.04340739025689851,0.017901813768032862,0.014127683782909071,0.025597852379423778
1985-09-01,0.020094254932607112,0.010540256827060461,0.016348930015743,0.02196766276898493,0.011124787770900237,0.016298333629896564,0.011232525074249496,0.009798206490648368,0.020126134811830596,0.018354931763157247,0.02015219634603439,0.03765431243042685,0.006669216203683968,0.009776158497129884,0.018905100049561
1985-10-01,0.031412897140840085,0.018120238786266847,0.02513128298301527,0.034322155082056674,0.019315964239512224,0.025488825671124846,0.015818728774430465,0.01650910795510021,0.03483605603669143,0.02465295462350383,0.031168511825995726,0.05976802025090348,0.01677346146060602,0.01652003168214916,0.03552793301392262
1985-11-01,0.04563231772543146,0.028475570973389187,0.03625914036206052,0.04959620500285149,0.03040982842853277,0.0371082941336957,0.022459251287186996,0.02577641190870179,0.05264043784260069,0.03226797829614643,0.043079342819926196,0.08100774639448904,0.029598015599250287,0.02579418907966729,0.0552982881733837
1985-12-01,0.06713226644012253,0.04531318413471611,0.05323099072508862,0.07278024346546653,0.04863784375148752,0.05512114105154388,0.031032248957674983,0.04052687701369689,0.08274107631156119,0.04089456921399324,0.059679221091004285,0.1137334416727272,0.050947658312591265,0.04058268506729439,0.08936256654625313
1986-01-01,0.06159043696227473,0.041029519315632916,0.04880510304936893,0.06675844855720074,0.04396003995906236,0.05040177947092041,0.02911143462799404,0.03681479645597293,0.07456083462780783,0.03824886480883373,0.05420069476076902,0.10269430485921782,0.02427662885489277,0.03678875335785134,0.07347694887357864
1986-02-01,0.17011006608056284,0.13740826468132894,0.1362299292882454,0.17489346139557382,0.14080422606316,0.13776773874053067,0.13078942633187035,0.1322093088687487,0.15765286431277264,0.12655916362588848,0.1271728135252569,0.1537860226270374,0.322656655643646,0.1328531945920169,0.186978930742763
1986-03-01,0.1834502894392525,0.1506946623831366,0.14741633016449995,0.18745966047700124,0.1535105524486891,0.14850824331417434,0.15030675368946006,0.14638095417862634,0.1635232083302371,0.1305375336863101,0.12073568398621526,0.13968870905897735,0.27855351493145164,0.14701069399098615,0.18393292739214262
1986-04-01,0.15213278492989035,0.12129440264898539,0.12203724570729896,0.15600680083407703,0.1237055425593826,0.12273834879213352,0.12311586222398763,0.11767362549925237,0.13516564055680425,0.10707378485592711,0.09742694640177324,0.11618410813572211,0.11145870487290355,0.11762969013226476,0.13407001388154055
1986-05-01,0.1461158416724362,0.11637343394585564,0.11780259853240604,0.14506983782019162,0.11412286527304882,0.1144288872438971,0.17475139302963932,0.12081339961604037,0.0929833221610828,0.14443828446699208,0.0893560777906593,0.07025705031910108,0.14259682388721645,0.12075275927413742,0.08990919840594797
1986-06-01,0.1612262378065884,0.13119659383679866,0.13094772553655132,0.161531972567668,0.13027090496431298,0.12880640277312738,0.17121305724180985,0.13330911340130985,0.1162425994655843,0.1366476542276137,0.09525408766227017,0.08592065815436217,0.22423630416591217,0.13303940222318983,0.12480205540675043
1986-07-01,0.11351624701881091,0.08746529062115099,0.09253293305672494,0.11751208720814654,0.08970385617243098,0.09316998127777326,0.0858065819707699,0.08394808866178832,0.10555383445326477,0.07459538500762564,0.06989851051886126,0.09171375009897764,0.05891598634331508,0.08404530849665653,0.0998297022040025
1986-08-01,0.07316818611673682,0.052270690011179816,0.06021450806101764,0.07859998200481522,0.0555514019898309,0.062082363607291316,0.03716073903398207,0.04690546511973222,0.08800017242407626,0.033995521339320274,0.04259769716585138,0.08305153098152501,0.03716903253880151,0.046797203852287854,0.08916557370060724
1986-09-01,0.06010998019037959,0.04149047274209471,0.050031873322299955,0.06322326500308784,0.04282726257840164,0.05016323142706101,0.042240017141111995,0.0394224102944467,0.05757208317530338,0.03755500959113966,0.03409076857242211,0.05177784250734096,0.026995324090152196,0.04123612190141295,0.053903486597262004
1986-10-01,0.054567768429081044,0.03701592116195812,0.04577601287988311,0.05877575926335585,0.039238574751021514,0.046867220348395675,0.02863544106192485,0.03331309724687623,0.06403165644649801,0.02752680810482883,0.03220598032345007,0.06283206010375594,0.02193806382072898,0.03411537702698114,0.06220160249527715
1986-11-01,0.0762234375273292,0.0546799075678569,0.06359590890969503,0.08133529910761289,0.05773012933094326,0.06523250742110452,0.041919170597261725,0.049616694398206276,0.08767444610217429,0.0387379214370128,0.045529102022020075,0.08247529555857586,0.04495698213951903,0.04914839653226578,0.08978254233925081
1986-12-01,0.08833162802431688,0.06476230767135611,0.07347127021842513,0.09375477651299996,0.06815660205870902,0.07532168628646148,0.05041894041527991,0.059150496501466025,0.09912346454163456,0.0468891197809224,0.05461581205443913,0.09336922223858513,0.042052816613463016,0.0602211392464121,0.09747769752416868
1987-01-01,0.08532305602706791,0.06204649589845332,0.07098134546941656,0.09109587328303714,0.06573240280656893,0.07313632970461446,0.045219212130162896,0.055850573120811986,0.09976025183048931,0.04278095905318206,0.05290999324627217,0.09547982314354125,0.04030810226720866,0.056361691816173086,0.09907844639058666
1987-02-01,0.07714519574209372,0.05521945730142736,0.06407620303759543,0.0820697938660877,0.05814011342791833,0.06558502456621026,0.043878197967712904,0.05025029153856667,0.08539458457170168,0.040580588520594554,0.04617308841197442,0.07992551312417773,0.04032923254133119,0.05054489410593879,0.08520772966482354
1987-03-01,0.0691397109918965,0.0487292423113705,0.057371976001745026,0.07407084722273263,0.05163392651381734,0.05894661859530363,0.0366013591853104,0.0437732098561094,0.07936568819086204,0.036391926450684176,0.04423378702584709,0.07940169869861768,0.02191981183097981,0.04572743789236798,0.07789578010401281
1987-04-01,0.05021984317008822,0.033633353942389074,0.041870668443160855,0.05172749748863773,0.03379383111462728,0.04093201227173105,0.04716740983752257,0.03375026926451421,0.03820804187655328,0.04386764768634062,0.03072019570441744,0.03520001990177288,0.026662816879482364,0.03547255718773582,0.03718849236137305
1987-05-01,0.05147030933770582,0.03468247509850338,0.042755421154625654,0.05221573787365467,0.03424222123515497,0.041212491502897707,0.05759128452253166,0.03608534266051963,0.0341816374847093,0.05274872785401594,0.0318794063292652,0.030661194282583026,0.04135923571515393,0.03714552237686951,0.033578088369929295
1987-06-01,0.04965834171085014,0.03326815775318569,0.04112593683366799,0.05069690882860574,0.03307487302643085,0.03986447463345277,0.05192153128664139,0.03416088563051079,0.03473087634985726,0.04771262023539069,0.030448535608869252,0.0314360926401429,0.04639626105815705,0.034386732622214804,0.034638161039149025
1987-07-01,0.04103250468816541,0.026573638213800366,0.03401558864490922,0.04305036377154654,0.02718467872187092,0.03368671129025732,0.03190089697940678,0.025707935784204976,0.0354181629480707,0.03401597716952594,0.028443043351570937,0.03816172024061605,0.014976468100907457,0.027352712073860756,0.034192090953260854
1987-08-01,0.03848142695241259,0.024640042612618276,0.03190386441191037,0.03997857465240448,0.024875657621606755,0.031217540103062193,0.03416516176332696,0.024556016777013398,0.029905172912812406,0.036795375825505586,0.027502101120469878,0.032597652342062196,0.021132622685942806,0.025527118139575013,0.02925480294787067
1987-09-01,0.035801361809226356,0.02264605289699147,0.029717649872092987,0.03670504991888981,0.022466982901779738,0.028630792352814648,0.03769669618891436,0.023494736904686904,0.024320483506656474,0.04266593533578695,0.028145235284239668,0.028113085500790426,0.016252593478262148,0.025011395805162283,0.023194918653808808
1987-10-01,0.020854434504042663,0.012031219431817237,0.017586983567957484,0.021611681774490885,0.011955948588610545,0.0168270040009183,0.021527325426477246,0.012504745266410633,0.014082743496976184,0.022128251737632464,0.013198446030285298,0.014658549402920332,0.03655486172372335,0.011932269881659666,0.014684096589144912
1987-11-01,0.021755668366946913,0.012655588440595953,0.018252508795348628,0.02238759371832997,0.01248731649893184,0.017367310924645135,0.024117028331851725,0.013349966927563486,0.013861953386356134,0.024539268561131793,0.013881696608472563,0.014258804255192185,0.017046549331317343,0.013618521216472692,0.01361146429608503
1987-12-01,0.03419489250827426,0.021512746779290857,0.028172892766809666,0.03511319979732111,0.02137973237952333,0.027150046482083374,0.03542486022761685,0.022220857004935157,0.02319752909100777,0.03524961145012379,0.0223289755938204,0.02320545224589482,0.03242452160027085,0.022284922111565235,0.02313477580805411
1988-01-01,0.046766491431328334,0.03100631845684512,0.03803401215347347,0.04895625927159374,0.031732259757376584,0.03775298271115131,0.03599134834901508,0.029898450535157103,0.039549889941649735,0.03560055189865166,0.029914273532529966,0.03950230210657677,0.04554419266155015,0.0294037716974514,0.0403034790798574
1988-02-01,0.0430440283374538,0.028127858457534006,0.03488912447246447,0.04550736224088982,0.029081859445278375,0.034886289825924496,0.0297041852293296,0.026525331250993905,0.03870035860012891,0.030093298843490532,0.027499305861381898,0.039808653170512444,0.024961850307278415,0.026707523535899443,0.03839901601702438
1988-03-01,0.030410197947951873,0.018766645912561015,0.02475292331043956,0.03234596227801977,0.019410443759093437,0.02462091242079191,0.02087240744256168,0.01774814737297227,0.02680410669702254,0.02298371777222111,0.020635844265335743,0.030213935904719623,0.009758879463293608,0.018291865596117726,0.02549436565136532
1988-04-01,0.03229787266495039,0.020256936643173913,0.02625024563016997,0.0342571729712843,0.02091202162111112,0.026098212288726084,0.022641725826317516,0.019227134361674125,0.02818969715891962,0.02596944505853372,0.0235557321660923,0.03315383236296575,0.012997519477589332,0.01968441851128867,0.0271127412627741
1988-05-01,0.047677849260105584,0.032052087026705256,0.03843721026644043,0.04919907671093768,0.0322854972389901,0.037653665797084526,0.04329912675116221,0.03200979888951928,0.0355912841262372,0.046960228694592474,0.03609515734578495,0.03933438032576086,0.031190695652064032,0.03243277174999527,0.03473661362216596
1988-06-01,0.0706975699064606,0.050727257382542856,0.056631649223561106,0.07227229150731541,0.05092644882765422,0.055647907737360294,0.06669199003050842,0.050842558445507675,0.05249350137708943,0.06640695412995824,0.05070230873416483,0.052393532041151096,0.08562823019371513,0.050117158427648606,0.05401184244573234
1988-07-01,0.07750903234479012,0.05644226832797101,0.062008020013520036,0.07931402321733805,0.05683350785781023,0.06117654371402539,0.07099115615643098,0.05615001993252525,0.05910919875656135,0.07451515313583491,0.06023504937512256,0.06265718541079171,0.04479181823445916,0.057333277784830564,0.05681694214180386
1988-08-01,0.10613993855425619,0.08136708404225496,0.08490320898968351,0.10714470987142788,0.08108465954940458,0.08339163705640085,0.10808608421331722,0.08259626868622633,0.07646470696647785,0.10991723948899773,0.08434821230077383,0.07774910521200383,0.09583862016434525,0.08296776682677015,0.07582244841423148
1988-09-01,0.13212400189428042,0.10512712478704034,0.10596349017302797,0.1339588020527277,0.10569369494338665,0.10522311526949879,0.12318348996089334,0.10444350326272062,0.10334403723958585,0.12240757572943034,0.10323215826308435,0.10219098008946009,0.14527199233560834,0.1035263792576192,0.1058173482661775
1988-10-01,0.1623570667949893,0.13364576343757273,0.13079722241839525,0.16542856989539234,0.13559348436653468,0.13131911091257975,0.13776567298968156,0.12986441296762585,0.13816929385394955,0.13634832081929726,0.12774349055999928,0.13615731599721947,0.15147541074691168,0.12926613936028097,0.14005492411589326
1988-11-01,0.19466237886187981,0.1649954639561389,0.15770812375051707,0.19466888801344745,0.16425905352786635,0.15605067774834575,0.2009522332935662,0.1670285062699413,0.14608944005754643,0.1949461904305767,0.15853059296653377,0.1392472212949608,0.1648776251944975,0.16807440450721967,0.1434013403283793
1988-12-01,0.2628656224831345,0.23296723280167586,0.21503211970210157,0.2570947945424612,0.2270422193450395,0.20941634026470485,0.332123428194807,0.2464839559864706,0.170475158125226,0.30270716546470183,0.20991181737897768,0.14538760674512613,0.3608661187153437,0.24523289725657393,0.17316438389978184
1989-01-01,0.3266216738535074,0.29880396835168405,0.27002861505534115,0.3205444547855275,0.29321073075020365,0.26519216166116777,0.3886365372653734,0.3110492912796633,0.22825585532433323,0.35514996189332865,0.26674481520039345,0.19591205667003947,0.41048270379983953,0.3102470792121164,0.23063633343307843
1989-02-01,0.33683258456907905,0.3101470404874477,0.27978255087321885,0.32951934314339615,0.30336830312437824,0.2740332647871814,0.4122074947128235,0.3249140336881226,0.2305841983176189,0.3825066879686133,0.28447194859695346,0.20136180901945883,0.36293957316980124,0.326056936449175,0.2272817721223624
1989-03-01,0.4055589590024492,0.3837772353605277,0.34187965651720176,0.3944225939728365,0.3736188038697782,0.3338491029605679,0.5135033370703505,0.40561199591307595,0.27160321605960897,0.4694179082635202,0.3445142229493544,0.22771411019962134,0.5405730021350664,0.40437883225067284,0.27479738583476776
1989-04-01,0.324917750143609,0.3003637245987015,0.27284308457597967,0.31962926968512617,0.2954434991125968,0.26859636213758664,0.37543054817589844,0.3111420269217068,0.23566767735223254,0.34466774357308694,0.27073896178070295,0.20574686083998234,0.3951808742919092,0.31007191035016823,0.23825678478238121
1989-05-01,0.3657318839260728,0.3449771008840183,0.31093119831639304,0.36494836223828253,0.3453142146900704,0.3114850808246732,0.358182494085756,0.34357965059205975,0.31028010709519765,0.3348352031748373,0.31105517515013603,0.28358631822681724,0.4011787992373656,0.3422250828658834,0.3156590946200638
1989-06-01,0.3135072058109147,0.2911279669668885,0.2669671990177551,0.31548782159237276,0.293729738340317,0.2689717181612068,0.2837433915483536,0.2854776359872038,0.2806069893269177,0.25706753501432444,0.2504778288317561,0.2513421898656857,0.36665480982455845,0.2816510377467454,0.2900380422798411
1989-07-01,0.26073567357448496,0.23593373882324253,0.22177410123075425,0.2698857067377455,0.2454302551081916,0.22926195401677574,0.17171302267431438,0.21812514952573725,0.2865870400224838,0.16855798786210408,0.213924575411923,0.28218998885990454,0.1709276489860369,0.2181070402848555,0.2872894551833366
1989-08-01,0.3055181420765378,0.2834016511144277,0.2631477013071062,0.30319507328417267,0.2813666979838074,0.26111019976799416,0.32262312332669263,0.2868181133772003,0.24367345695889253,0.28098920506313224,0.23525719307687237,0.20515340979142482,0.3329689137087709,0.2862618716696069,0.24566827002953734
1989-09-01,0.3176784615786916,0.29585264411497997,0.2753771139628546,0.31408426779975507,0.2927156272802419,0.27241953487866033,0.34734119162193755,0.3003664494308079,0.24796900069363748,0.3003692152860758,0.24198968486131112,0.20581606223798604,0.3487454408535289,0.29997203847821263,0.24893739521435077
1989-10-01,0.29197803302683767,0.2683883330088183,0.252718561465371,0.29460805222008857,0.27169711090884435,0.2551243105178151,0.2570163605466742,0.2637580700048907,0.2702049349535916,0.22948370031074106,0.22660973527101952,0.2404006188627506,0.2801108036561504,0.26166694211203795,0.2736581121910564
1989-11-01,0.26035670359794094,0.2351429164094352,0.22483403805932972,0.2641081717040846,0.23917263637314384,0.227694575480002,0.21815022282121238,0.22953388240035905,0.247731097838375,0.19575931942246233,0.19930584790018713,0.2228507532613867,0.22167864762482953,0.22882392579512817,0.2490756991696147
1989-12-01,0.25275468034602355,0.22743902250011228,0.2183210745036358,0.25517574091874223,0.22995093678446327,0.21986121035714506,0.22496409489895758,0.22376881419441574,0.23036578578840594,0.19916339041571562,0.190272159139513,0.20336944608751217,0.22094652038110718,0.22397065979394332,0.23064197626576705
1990-01-01,0.2183323921751315,0.19228266771516733,0.1873324999550368,0.2197959805191888,0.19335518707647636,0.18746006617041033,0.20429100617027746,0.19062377793422286,0.18876051705618035,0.1880455296659474,0.16968476667814708,0.17179639544357744,0.15465460424989402,0.19861601480204144,0.18403952240697075
1990-02-01,0.2120627169082943,0.18579907058584716,0.1815164272059988,0.21264299507962858,0.1859220457517778,0.18079009738815005,0.2081092723587779,0.18574108118621568,0.17578676475371463,0.19025367397795873,0.16316994937114676,0.1579827180486425,0.1990690442668569,0.18663112590281922,0.17549797343071555
1990-03-01,0.22126106954744446,0.19498661954424695,0.18922670853459977,0.21910807141050476,0.19243018881656632,0.18622959235064157,0.247506110558601,0.19911649375289142,0.1633193599373649,0.2184518793156509,0.16459676914698668,0.138569810326939,0.24340829678919967,0.19905092450490725,0.16356034316105622
1990-04-01,0.18839881384054064,0.16162437410082864,0.15991104752500074,0.18537090592788324,0.157909474138286,0.1556861674355578,0.23005734303184766,0.16803812139571989,0.12521996323338447,0.2064007792565728,0.14098589210969315,0.10706887098710371,0.18459429543102818,0.174834319425421,0.1226722019287701
1990-05-01,0.20434505814028692,0.1774863755317973,0.17348381726577522,0.20362294966881433,0.17623221965673697,0.17155783660994695,0.21575293879808471,0.17983936448367271,0.15714117812042128,0.19313640858625447,0.15236248646067768,0.13620336258879773,0.25188648234061084,0.17340392530469884,0.1593058489771827
1990-06-01,0.20766624503844588,0.18077637318841033,0.176122181476207,0.2085919523160612,0.18122580631042623,0.17571398116335535,0.20001074570937766,0.1801541628414991,0.1731915924854956,0.18107517901653541,0.15622029318481184,0.15345085653298063,0.20882836094917007,0.17806907231467312,0.17342383339947026
1990-07-01,0.15644427271342387,0.13003686135510217,0.13159806823790193,0.16064938806309353,0.13321360330843124,0.1333564770277813,0.12107932795419701,0.12484346903368537,0.15154316678108926,0.11894020969221836,0.12201044894596924,0.14812321329188566,0.10775104169063032,0.12712698643993886,0.15135096805885107
1990-08-01,0.08765325669354407,0.06597127293457367,0.07292483237194056,0.09203964656640268,0.06871859180786748,0.074352257582437,0.05707582138716246,0.06168116398456612,0.0920748131539193,0.06695686181790908,0.0758587296933065,0.10646802896267044,0.02911514921334667,0.06889117372725785,0.09124169291790662
1990-09-01,0.07710318869068755,0.0567322452682086,0.06404407993468324,0.08072241563746108,0.058748960504926596,0.0648355053668674,0.05335463801143256,0.05365833572996063,0.0766578318232512,0.06081686747641791,0.06386404692169798,0.08674218636094255,0.05180907189805022,0.05366150926098515,0.07668751248379992
1990-10-01,0.07860842991904947,0.05803822218485586,0.06530918558662037,0.08325723083956288,0.060961065139328384,0.06696093710165527,0.04690856473556651,0.053487248597047454,0.08722162379980969,0.05503082095608686,0.06598922729229242,0.10087546179616291,0.04694413419966793,0.05322603440294275,0.08729477881070363
1990-11-01,0.10316204019456365,0.07988420650277683,0.08603747869295625,0.10849020231733497,0.08360261181499029,0.08830456131954695,0.06386264051543561,0.0739686359024224,0.1137516897009258,0.06839011150750265,0.0813437999039262,0.1211563366563067,0.08275724807398871,0.07016847041242473,0.11429576769148236
1990-12-01,0.06676899811054113,0.04788558050811651,0.05537631863851607,0.07086707016050339,0.050272629903262124,0.05660718200181528,0.04008249730266167,0.04422195091158209,0.07290918951168002,0.04233886235425794,0.04825355947737091,0.07732386736034647,0.04180836987308291,0.043639699115229566,0.07302200053080664
1991-01-01,0.05386559016848625,0.03716745273440087,0.04459755000121726,0.05736228737157811,0.03901677350524818,0.04543023695236895,0.032385045918047854,0.03438306470998543,0.05785619190923484,0.03385078375832625,0.037183155298754815,0.06101598505577145,0.030250701221170816,0.034601092548950246,0.05785120597581732
1991-02-01,0.04790121823478558,0.032355659443012226,0.03963182474609375,0.05077021590750672,0.033696325906708686,0.0400199955579146,0.031251399038004724,0.030392508025569285,0.04801128903959993,0.03153258753349676,0.03143815224964579,0.0490706172372572,0.028474487078754815,0.030708191016396744,0.04798932538555445
1991-03-01,0.03585186015306735,0.022965304529576982,0.0296317247139109,0.037746567699626386,0.023588670000293546,0.02943176533528372,0.026813376154795694,0.02216162415066144,0.03163161079988383,0.025934661794178842,0.02170448434188539,0.03107030505933869,0.022820745740743012,0.022653566156269764,0.03158303262648785
1991-04-01,0.04976764764951505,0.031312288521028256,0.03113222910698418,0.05153495875142647,0.03206937893757596,0.03105772312245635,0.04243119876111288,0.0306317343307018,0.035110027366599614,0.041119212474952364,0.0309015585469932,0.03594025257613865,0.03813629100035292,0.032213498273875395,0.0349682833232795
1991-05-01,0.04727025337751339,0.029349013574337963,0.029239305837124904,0.04943822896520414,0.030417755801102342,0.02948303759984065,0.037072859295769554,0.02826859617688061,0.036659636282900546,0.03820629355204158,0.030613362895536966,0.03897601017309436,0.03040698640048355,0.031756235110123515,0.03653249276620493
1991-06-01,0.04379613239312154,0.02668854740720247,0.026644218572790646,0.04523598757056112,0.027202239061633524,0.02640543935359855,0.03863858712168253,0.02621886782426276,0.028654106389891413,0.03860579398574049,0.02738537506226993,0.03001247344808631,0.03230372194668955,0.02909257987859435,0.028609918964157797
1991-07-01,0.042666199687447545,0.0258278801776437,0.025726696305792187,0.0444804237797675,0.02662590403938273,0.025770685943791626,0.03475500002032105,0.02499527466207853,0.030581204937288876,0.035944661126874465,0.027190751917730387,0.03272956090054953,0.031059958673050614,0.026461081666031006,0.030530138762884487
1991-08-01,0.038622874023434305,0.022822227292167645,0.02279149854442654,0.04120872438327191,0.02419242590148927,0.023418433487189198,0.02577453382405171,0.021282149526271353,0.03425920814562477,0.02800707968527243,0.024611544496243087,0.037671629273074256,0.026743279604310426,0.020294408325901542,0.034347673678620856
1991-09-01,0.036965386243007436,0.021632155328191884,0.021571398836388957,0.04021900625392894,0.023489623257271518,0.022673104466904338,0.020640160237662908,0.019524892961626968,0.039451972782595116,0.023330345767559484,0.02364858653330859,0.0441314350685372,0.021563502916348103,0.01860031772257474,0.03955161171507574
1991-10-01,0.02241609794934182,0.01162902697054948,0.011871254312927914,0.025269173184657105,0.013117435841374927,0.012838068809645017,0.009478756564134773,0.009982858234399743,0.02868868213562585,0.012784208586232446,0.014799951474808328,0.03519696490496339,0.006971991646672397,0.011989621775750614,0.028375125772036828
1991-11-01,0.012057544661196936,0.005371739808690153,0.005649674701307064,0.0140907840133696,0.006288864833842803,0.00626698626640693,0.003894067362792461,0.004387138532082972,0.017633791993142314,0.006168089128433907,0.007853261008833379,0.02357817993151034,0.0030008817667383923,0.005089517576929135,0.017548992994719525
1991-12-01,0.011888974329296738,0.005294508287072555,0.005533777581459155,0.014038067803121416,0.006281013885700625,0.006217363967936268,0.003460086199551176,0.004241477789745981,0.01891959864545754,0.004977026817364796,0.006898934522420065,0.0240754279551504,0.005047966884737683,0.003202438911506754,0.019027923362587986
1992-01-01,0.007667471480212394,0.003057908344400312,0.003262818291056018,0.00885794677605955,0.003509339314179227,0.003523828737774556,0.002934391223986718,0.0025687056778543114,0.008431672071189814,0.004100346061060607,0.004135945394540187,0.010895642813178182,0.001711123779219028,0.003547520975585297,0.008359766955672603
1992-02-01,0.009079307090864948,0.003770364838422921,0.003958262939360331,0.010320096812149359,0.004251118422224701,0.004216608958229043,0.003958994486713651,0.003236206330651131,0.008943167200078433,0.005122037060857484,0.004775708764471676,0.011118398517022215,0.0034075269555102314,0.003479059889096787,0.008920520035908456
1992-03-01,0.009647403803681816,0.0040599591343877155,0.004229579832191076,0.010607551785962812,0.0043944501868583416,0.004338023959482843,0.005682079108251428,0.0036829112497075126,0.006907050223137903,0.006542455663049878,0.0047670017504653625,0.008135641795169795,0.004352634409384394,0.004280514327279234,0.0068716874578426046
1992-04-01,0.00552621605254349,0.002015948076736184,0.0021578023144132982,0.00616691175803045,0.002206130235147224,0.0022166433404429307,0.0030320283257983397,0.001803067576864225,0.003758890011225133,0.003777732311988182,0.0025898487787481285,0.004699396470285248,0.002064706894863071,0.002257048814366965,0.003728143154317297
1992-05-01,0.006577773268488122,0.0025150510422826612,0.002643450448500733,0.007475131582819137,0.0028238682146230557,0.002793708049090229,0.002976909682128452,0.002162420419060616,0.005720411763186838,0.0038493234591247543,0.0032121783291867907,0.007208137808095735,0.00272582438994331,0.002218737282154985,0.005708796442009766
1992-06-01,0.0050715642532050366,0.001819701978467993,0.0019259080915855942,0.006029585238291594,0.0021555063815085797,0.0021357610478720934,0.001538424385941203,0.00144516478351208,0.006295555066210828,0.0024361530536127153,0.0026764389002555005,0.008723019528573224,0.001108085164223345,0.0017431585405204713,0.006243439848484672
1992-07-01,0.004682106971996676,0.0016493385225322698,0.0017376581668304318,0.005653684739106888,0.0019904177064879037,0.001960508168885319,0.0012314950077725651,0.0012731363643627297,0.006534521604817615,0.0018925474514553914,0.00229106247842479,0.00888990366286396,0.0014051147015133776,0.0011309452950178497,0.006557620796969791
1992-08-01,0.003968553685408363,0.0013431365473376552,0.001416352967818419,0.004982948653402848,0.0016996069189234462,0.0016691882195809758,0.0007218797319159778,0.0009647117414411565,0.007516498176823417,0.0013492520294669861,0.0021238721758497937,0.011042567152925386,0.0005055331639612043,0.0011827723387920778,0.00745098926710558
1992-09-01,0.0022146676965767113,0.0006461313148836724,0.0006972021343312677,0.002892947614352008,0.0008531317205408999,0.0008477188417935826,0.0002945848879231827,0.0004362729606457377,0.004911357490173762,0.0006389822485179093,0.0011420116991333721,0.007755864153048162,0.00023134935744528374,0.0004963150993462422,0.004882571676240737
1992-10-01,0.003013682037822576,0.0009539930910979475,0.0010070574404410567,0.003694921893487916,0.0011675019634586994,0.001143618033289128,0.0007220879150231222,0.000721235174007302,0.004036658106508979,0.00122796929019073,0.001465423542053165,0.005793200581891973,0.0005052714883080073,0.000882092430807518,0.003995947291241776
1992-11-01,0.005352757543545097,0.0019636335822176545,0.002010986762807432,0.006185293972800902,0.0022479093064542493,0.0021611771470692997,0.002101668240176471,0.0016354076853617346,0.0049094509779834105,0.0027104879183716293,0.002436485028126509,0.006130428457513379,0.0019771390570850252,0.0016477263742456479,0.00490117129927085
1992-12-01,0.005169802083483245,0.001880901105725552,0.0019251006451997887,0.00598802403434966,0.0021591746746910043,0.0020731438926269,0.0019894512530712043,0.0015594571427768188,0.004753047657660251,0.0024481076870123283,0.002213412781793201,0.005781454499974738,0.0019353393716268284,0.0015351555541160075,0.004749790464737346
1993-01-01,0.004887112903560917,0.0017551583992740393,0.0017991154259867272,0.005872082976802358,0.002109387103202523,0.002024485634955337,0.0013255011537600394,0.0013566791324229565,0.006263213481889531,0.0018377357665560388,0.0021893308179285606,0.007980795375618077,0.001178957183187031,0.0014242713198722701,0.006242286106262617
1993-02-01,0.007060693799290554,0.0027893370286916084,0.0028060161180879757,0.008569452102020812,0.003411866561263743,0.003233560300368268,0.0016400425378452414,0.002091459700415629,0.011244865443262916,0.0022506469854604296,0.0032906560787043584,0.013984295393665157,0.001777990551351979,0.0019377468861995436,0.011271188009153039
1993-03-01,0.006658935623466787,0.00260064499794873,0.0026166779732879957,0.00803843457157624,0.0031574587807654785,0.0029912107372520183,0.0016446097507563117,0.0019725023979571877,0.009906502569784266,0.0021936774994489286,0.003019227824202198,0.012208889145947699,0.0013700258769868082,0.0021676330149570685,0.009854282794227407
1993-04-01,0.0058436349054460405,0.0022153695903933453,0.002239850421686772,0.007230292919766334,0.0027706601564560646,0.002630404649734634,0.0011442654583801405,0.0016053292952015541,0.010470916911681661,0.0017431355622128692,0.002821136752304753,0.013616216933521235,0.0008267915251331331,0.001930244680584279,0.010373769767501132
1993-05-01,0.008947488804062745,0.003780748013535283,0.00374979455197149,0.010555300867182262,0.004478280186705811,0.004206737990945578,0.0026562441036135083,0.0029700154338825374,0.011940574030770996,0.003261242537216814,0.004124857019588062,0.014102075277392425,0.002541268102555188,0.0029846390619395814,0.01192641585204793
1993-06-01,0.012024546684485136,0.0054756753115453565,0.005363653650514492,0.014167513492785324,0.006500995745057674,0.006061609035378173,0.0034626295159286293,0.004274942143465808,0.017504559863647698,0.003958362068019042,0.005471046677672191,0.019802933487632183,0.004062501480053039,0.0037659302651358423,0.017597315497980937
1993-07-01,0.014869763860408893,0.00714307579994204,0.0069371121894870776,0.017006964930377177,0.008193332658060357,0.007606744742529888,0.005579169159960881,0.005871606212296475,0.017635356498800707,0.005458390620427719,0.006336019286265742,0.018534609520153608,0.005779669250384108,0.005609951786773811,0.01766134449204746
1993-08-01,0.023656479889060198,0.01272402129643749,0.012149613083798989,0.0266803645870134,0.014420454710378458,0.01326815387505068,0.009582864808827349,0.01061546302549212,0.028662054832840386,0.008126180955171855,0.00975051904633023,0.02789787637969464,0.013157231717277283,0.008391583868824725,0.02898136256587877
1993-09-01,0.024261176036649748,0.013166604005311135,0.012569827569826142,0.027040936962164766,0.01471032284007836,0.013542741502014545,0.010981063211339062,0.011222131160887716,0.026617887499965655,0.008680283131893974,0.00953380794822213,0.024993718143079078,0.010835400197854218,0.01110176981431985,0.026618283194135398
1993-10-01,0.02569679236719467,0.014186909222229885,0.013521003261096082,0.028644284285069717,0.015863736903247157,0.014595669363024491,0.011520145046903645,0.012063025823072738,0.028863618089148602,0.009327178406667507,0.010483775123531965,0.02736208500592958,0.00965105498966868,0.013285272046123064,0.028703342561747086
1993-11-01,0.01962167619484432,0.010226323589252293,0.009847611633611161,0.021949270187226526,0.01145126159424774,0.010601816348058577,0.008767942865492248,0.008681982848615594,0.02100498349438574,0.007712683519419065,0.008254036030562508,0.020767542949975112,0.005484783724641428,0.01146550473835931,0.020678520358092214
1993-12-01,0.017232786112951395,0.008757552084432003,0.00848497408317707,0.019212606108792094,0.009751256524322573,0.009068115111685782,0.008063668388000102,0.0074974918817453245,0.017247572127428584,0.00696108578307375,0.006987585098681504,0.016919307204798676,0.006956314179284516,0.008071239431430201,0.01716682441513443
1994-01-01,0.019016003163794187,0.00993083753880166,0.009601130993962079,0.021300462535062025,0.011134913887749077,0.010349536599032438,0.008389149801467205,0.008391394772317252,0.020626932788469672,0.007202863050050482,0.007768164855743172,0.0201342094545546,0.008214508019325339,0.008322546626480673,0.020623647679108667
1994-02-01,0.020200893609441713,0.01071531470937104,0.010363129510249477,0.02214916564877812,0.01170832081307154,0.010903696580066747,0.01084952691789961,0.009414268906409213,0.01829481339690854,0.009479955718076102,0.008791031958005638,0.017929949151074535,0.0066860747240425145,0.01261951839677802,0.017989316861944257
1994-03-01,0.016226375061718173,0.008197018967840402,0.008022950258698563,0.017176261346338574,0.008553102082903488,0.008043054412244396,0.012325385855992646,0.0077566162783285686,0.0097532845914707,0.01019366775543844,0.0067649929626463715,0.009283778676910161,0.00769838080966984,0.010361951887236164,0.009576014535182167
1994-04-01,0.024970765681647186,0.013928792175286723,0.013435980208162234,0.025669785717268946,0.014087923993192041,0.013152422011019986,0.02354037854586115,0.013821665818715472,0.0129760216110533,0.018330557508754147,0.01103238373241204,0.011782265694153906,0.01871627681186586,0.015778711606357562,0.012854027588054213
1994-05-01,0.032801051526899314,0.01948558077842339,0.018622607821926873,0.03373587579026534,0.01978242909185537,0.018372407289939937,0.029997175134329056,0.019186128539860594,0.018794860743486193,0.024367439647606733,0.015970675482010678,0.01738974147020183,0.023571876439130394,0.022098372713307876,0.018608914781194884
1994-06-01,0.027707155046116774,0.01588196020273646,0.015287731637359733,0.028259570229560972,0.015927087230299092,0.014866259182770443,0.027659341000379072,0.015968409478693647,0.01382902127845448,0.022398764841565857,0.013229883874404734,0.012781764070454109,0.021487676436790063,0.018524103856997164,0.013686527909195913
1994-07-01,0.03664618356643919,0.022400608615773913,0.02133727240337092,0.03764008392805514,0.022727537114123505,0.021074298318666425,0.033527212178871994,0.022060247845958388,0.021504963750252428,0.02678915077930603,0.017973165399444567,0.019666271737085118,0.03496615108399782,0.020901611016955073,0.021558487076746406
1994-08-01,0.04167174119232759,0.026276140772814587,0.024895000439806417,0.04292518448235302,0.02678912309724574,0.024751052882386694,0.03672130727021811,0.025646754680284517,0.026206795427077514,0.030506579516535858,0.021779896634078363,0.02444732002606172,0.030126762601598057,0.028706805841577473,0.026032527729670473
1994-09-01,0.04002710221674065,0.025098736747498424,0.023785766121091192,0.04045984805199881,0.02499167877692534,0.023091606930284655,0.041669985425295514,0.02548721010622715,0.020650956413544527,0.03447953605816962,0.021355275165508884,0.019152850696574124,0.0297357436307215,0.03124783075024056,0.020399062964353294
1994-10-01,0.04730946930586753,0.030823181574131636,0.029033533460923105,0.04780643439260521,0.03073970980508708,0.02829238026227238,0.04864314415656688,0.031190360904388353,0.02570865462460274,0.041653829099449466,0.027060381330188905,0.024242830845850355,0.0389328057505013,0.03547436502192013,0.02548916384140372
1994-11-01,0.09130308854078056,0.06821285284096447,0.06307450787715074,0.08935453543122701,0.06590062581466688,0.060089414244637485,0.11593552698479698,0.07249850426585376,0.04437406566266125,0.08860616096812901,0.05366842119893375,0.03818487975011399,0.11928448490725663,0.06955698778578388,0.04447567454989562
1994-12-01,0.12439728369161929,0.09889270922211035,0.09086137914564257,0.11959152266140238,0.09381848398570625,0.08533383600395683,0.17693815698969018,0.10806937482053941,0.05536675592638919,0.12570523674303863,0.07184013135003593,0.04448472956823041,0.18835682298371415,0.10106915989633825,0.05562184617645639
1995-01-01,0.12881405275529534,0.10321123704337026,0.09484232456556885,0.12740425653067933,0.10135091214435221,0.09221461247108048,0.14619720313689788,0.10662866455948589,0.07765777950302435,0.11249311126329775,0.07985790830589828,0.06718221781388652,0.13848860903015475,0.10907182788621311,0.07749857667737281
1995-02-01,0.12378806122431596,0.09868753821146764,0.09084663943081311,0.12592566909879926,0.10018583931010666,0.09125237519526802,0.11095949475915329,0.09646534184386935,0.09682766223272155,0.09171318344323276,0.07981815088553645,0.0885948611654564,0.11243004825356517,0.09451042314619018,0.0969529237350007
1995-03-01,0.1250362312195878,0.10021627976187625,0.09233591525153728,0.12645095247476323,0.10102209344256641,0.09211472095909168,0.11789837915674606,0.09912971669885229,0.09318186297819314,0.09429451579607206,0.07907222901768385,0.08365200952349161,0.11878283613422519,0.09736639555831283,0.09328940852049872
1995-04-01,0.12461468842600132,0.10013356930071066,0.09235245992488622,0.12762428035439805,0.10246415923839264,0.09351290778406951,0.10551497514736313,0.09658219646710353,0.10462353958644977,0.0873919619413916,0.0806636307711005,0.09621774782561021,0.10465357618004978,0.09599467300476233,0.10465280806903748
1995-05-01,0.16443215341069495,0.13914177985702264,0.1278712406951562,0.17186104669951652,0.1462130574886244,0.13340296241875965,0.11321503216600176,0.1283918494551769,0.17830337543339358,0.0935799335417028,0.10836209459468571,0.16518403808691717,0.15418636335755642,0.1043130593547496,0.1811339505898492
1995-06-01,0.14819336264669525,0.12312908005213319,0.11372956598923001,0.15489735992143622,0.1293167602285354,0.11840703611118136,0.1028570569423094,0.1143929281017439,0.15705825042026356,0.0829900428666503,0.0941779038038244,0.14399193745915922,0.10815156233230167,0.11010434301128219,0.1575563097464341
1995-07-01,0.1214482994796493,0.09732281179015578,0.09061333721598941,0.1275910665104425,0.10268615746244003,0.09451620691450618,0.0816657111242527,0.09004110121744974,0.12809218968548391,0.06929084288020139,0.07807740917695186,0.12022509109836982,0.06807405533011522,0.09955735038823255,0.1270575487220837
1995-08-01,0.1352955174444414,0.11072603320134361,0.10305611774391837,0.1405047448546396,0.11534259046689221,0.10629767313385113,0.09993821273195719,0.10428939064224269,0.13339959021317005,0.07802597326674676,0.08271708630943769,0.12016571879676624,0.11528856389091557,0.09380911313774487,0.13460565359804622
1995-09-01,0.15286041433758624,0.12801067108875985,0.1190639463392778,0.15758686120612575,0.13233855489171797,0.12208418917120573,0.11927395309718869,0.12187100910911808,0.14660378462383789,0.08872534787692887,0.09161245861078127,0.1287783736901656,0.13096275446953015,0.11334197395699663,0.1476010734061306
1995-10-01,0.16628367988653764,0.14139981445588345,0.13151886932779572,0.1727874548969336,0.14766950258050032,0.13636624783603812,0.1192060604202052,0.1322584053353945,0.1750301744577913,0.09040747808239291,0.10201496377501212,0.15596202039973261,0.12612460910497736,0.12659728298404466,0.17579207722778967
1995-11-01,0.1761319327403743,0.15126095334952067,0.1407207329455349,0.1848661470249906,0.15991179182719817,0.14782579014901803,0.11337543648806975,0.13772008622784382,0.20522452800742347,0.0877710643449916,0.10924124260041557,0.18551878619692475,0.12345811936536177,0.12956307183571147,0.20637850014009151
1995-12-01,0.16505890398624296,0.14019181528680702,0.13068518392707962,0.17238792233009653,0.1472715187028466,0.13635282302511875,0.112016517300352,0.12843850381585226,0.18268217641598683,0.08069164190760258,0.09467548495429728,0.1595821779184845,0.12900664728554678,0.1157010109168144,0.18428486391707938
1996-01-01,0.12745651676608055,0.10343037620827661,0.09709386092119249,0.13621806730238584,0.1114498551638875,0.10355492030333102,0.06989377300858063,0.0899699505411306,0.16126381370100623,0.055543672675296765,0.07395738629399852,0.14768978756966245,0.06143141726021711,0.0969485946210113,0.16034758680600092
1996-02-01,0.09724919305861535,0.0750817748114563,0.07113790291612183,0.10266371500059296,0.0795393496931942,0.07435431664552757,0.06202032855477265,0.06735288690961687,0.10363485323537913,0.0492897125918586,0.05499624915056506,0.09437212012078977,0.04712349597002922,0.07981999305455278,0.10217811035450569
1996-03-01,0.09569905728028111,0.07368685386737589,0.06988974503159101,0.09934346516517856,0.07649269671466842,0.07160213983621819,0.07197765165810413,0.06866181745891257,0.08768255811900838,0.05483903629281016,0.05320400798833125,0.07778217402173826,0.06441664551122976,0.0732981169633747,0.08720799223233067
1996-04-01,0.08578902215704237,0.06465021443450651,0.06161604077892226,0.08806951429729687,0.0661509688653159,0.062155113321490034,0.07253680206532113,0.06196163979462786,0.06892669276031174,0.054512401891917375,0.047002965677853815,0.060420930243066474,0.06184592782903673,0.06850255087484228,0.06832712552691349
1996-05-01,0.08626044859379861,0.06498711637482775,0.06192530935930936,0.08706961077067765,0.06516313665568803,0.06124552746701674,0.08537547987889477,0.06503008735465314,0.059276117360388444,0.06073297988751762,0.045920522212887574,0.04996023709810818,0.07951134902513196,0.06747053858630575,0.05919884017118185
1996-06-01,0.09196068557644654,0.07005597014158375,0.06660777021924898,0.09359472083417025,0.07099544506528031,0.06662047505319393,0.08373809648006625,0.06834961318164409,0.06923915135517102,0.06069769490824863,0.04950841253228254,0.05910684071005985,0.08313352116512679,0.06768515540155222,0.06925312375383028
1996-07-01,0.0979709174775627,0.07549328390285032,0.07161511009692967,0.09950448499158654,0.07635418492049093,0.07155393761139592,0.09039689571257797,0.07390713898518983,0.07355716562683706,0.06600603758283469,0.05383653365319249,0.0628886588280336,0.08353800616776186,0.07727686800518158,0.07341854441865696
1996-08-01,0.08450260831972622,0.06330944892738732,0.06030604224724849,0.08562679966273656,0.06374632043531314,0.05988058083844337,0.08082727757736946,0.06275197656651221,0.059510916240681735,0.05985587009538993,0.0463927345204056,0.05118757847310566,0.06902014612760664,0.06925387135012728,0.05937618904951577
1996-09-01,0.08754956554099297,0.06607368349671217,0.06274787010673165,0.08938870449424408,0.06715992826555162,0.06291479490916853,0.07769205129190458,0.06388912033127468,0.06633913258780368,0.05707204137357944,0.047115764006590864,0.05692398969508061,0.08264005124043944,0.060041500265378696,0.06636651201712417
1996-10-01,0.10061945838430614,0.0780544942667305,0.07359498217909954,0.1043692985663095,0.08096756342838218,0.07541307199839618,0.07544996384798491,0.07141553591171308,0.08988063598203261,0.05700063359216663,0.05486985743130733,0.07875847014512999,0.08264342469577379,0.06607734955970643,0.08985534287362296
1996-11-01,0.12543996838838978,0.10144445835496352,0.09476835208642354,0.12980705282389493,0.10515138753104714,0.09729910154786509,0.09410226062840671,0.0927927928933947,0.11550154807014956,0.06737336099100873,0.06737236668416265,0.09820137347168278,0.1109590343625993,0.0816187116640274,0.1152055554530293
1996-12-01,0.10722427375678983,0.0842565186340149,0.07893168246473198,0.10981246119211918,0.08613471031560604,0.07977737505222399,0.09048657395617099,0.08005851365896366,0.08684455323128998,0.06440285866612522,0.057256377395967985,0.07283525788089365,0.07546759965921955,0.08953188749333374,0.08733007663005404
1997-01-01,0.09234136645213398,0.07058880209514434,0.06638482279762585,0.09505582485459796,0.0725045703745808,0.06727064995860253,0.07521834790377731,0.06632925484474113,0.0744258537471939,0.055709312926021166,0.04968267688796092,0.06399742508926719,0.06525869763509809,0.07215592437335265,0.07464081479398159
1997-02-01,0.10135889388720504,0.07898297472837273,0.07400622827188978,0.10312021533813642,0.08007262918350982,0.0741180179183586,0.09157700103259114,0.07674037676309815,0.07653404242555932,0.06470074666886481,0.05418049874945582,0.06351126570885936,0.09017172291685888,0.07640522024505926,0.0765353570361245
1997-03-01,0.09439814191787121,0.07266173624147416,0.06820979794785872,0.09475691751896231,0.07243678003920888,0.06713242918261797,0.09741602682144856,0.07380926303568279,0.06311428792565454,0.0684805527192528,0.051265277899892214,0.051651931287949156,0.07987038880977754,0.08354901099510931,0.0631412524157714
1997-04-01,0.10167245044375689,0.0793790979792583,0.07436228988782381,0.10271047886450763,0.07979934217001022,0.07386798930857182,0.09816423182610934,0.07883071308320094,0.07288878078453924,0.06898454596501195,0.05502280376973448,0.059890688432523306,0.10161991336985515,0.0756599572672922,0.07290869663611253
1997-05-01,0.0910418063579812,0.06960733702435759,0.06551105258089537,0.09164238470499386,0.06959354586680173,0.06464497680510932,0.09186636903219109,0.07023625216207172,0.061732712634147556,0.06212842316691499,0.046945961068537274,0.04944269316142884,0.0914929403567799,0.06927187425677385,0.06173996115028339
1997-06-01,0.1024282488397193,0.08007202104877664,0.07509345753415844,0.1039899743653141,0.08097627794504958,0.07505332524559197,0.09422149613113406,0.07822220438116369,0.0765298404302017,0.06529719873492652,0.054068730016029104,0.06257942100632491,0.09408692869910856,0.07719791385168484,0.07654048480983705
1997-07-01,0.14662047749293333,0.12244409428150332,0.113645339559927,0.14972621885148352,0.12511375389572443,0.11526171929209655,0.12306939695432956,0.11574703618680887,0.12561277682188776,0.08183057067574029,0.07714768125070912,0.10089052919817515,0.15588824112738114,0.09624682873887574,0.12592527772035061
1997-08-01,0.11764323514464725,0.09443249340883347,0.08819477391433028,0.11964023126418172,0.0958202953985598,0.0886029701595315,0.10499703558105489,0.09122608231277696,0.09243379476916935,0.07133408017734162,0.06189396933148923,0.07474815565447476,0.08507333614719986,0.1038364495716288,0.09215902092383216
1997-09-01,0.124863601112909,0.10138611148608917,0.0945361127620995,0.12709926500796404,0.10305241204205168,0.09520268217615707,0.10979868532049264,0.09742311184713942,0.10038546886683536,0.07188528853750509,0.06369404073115423,0.07953509784040402,0.12098600579389673,0.08983244824014874,0.10052601691295993
1997-10-01,0.15798152322188147,0.13394997614692994,0.1241521049585606,0.16153458859231,0.13718117426716187,0.12631365941386508,0.12982803394978704,0.1257048871464551,0.139400896673455,0.08456899805189227,0.08233853407115882,0.11085270983969503,0.14481282177228222,0.1150846124352583,0.139505652780602
1997-11-01,0.1881725700933955,0.16458642325893852,0.15188271366519468,0.18916565408672648,0.16546779330108918,0.15200910853529132,0.1796546780954152,0.16236265297517077,0.15307682840971382,0.1080514235137357,0.0960742881091669,0.11372293390123883,0.19651504191691677,0.15060491965910566,0.1529488342282827
1997-12-01,0.20744938270482982,0.18458294775811535,0.17004663403359493,0.209708206249695,0.1869469598710226,0.1716279441709997,0.18608153410917944,0.17821711049535793,0.1800943091294857,0.11415746053639753,0.10872038731992534,0.1366137217464385,0.19143029001118622,0.1732548025946956,0.18011167521151655
1998-01-01,0.1859235375182508,0.1625064094072854,0.15013690175976363,0.19129300153476847,0.1678978212652158,0.15438461330322567,0.1406604818411719,0.14826547261351175,0.17837696784346463,0.09019824955279232,0.09665336362519994,0.14183663131616064,0.142580660866017,0.14583153094315315,0.17841610743501057
1998-02-01,0.19526791075902816,0.1724007268230645,0.15919113590227268,0.1990761786452882,0.17628169906071567,0.16211110040915805,0.1615162777133296,0.1619296162076082,0.17815065115466744,0.1009547121796977,0.10206173149388365,0.13825534278466506,0.15888112026339513,0.16250661746426032,0.1781481473875034
1998-03-01,0.18271914924009175,0.15982983426000263,0.14783895825145593,0.18506242553893631,0.1620847906694477,0.14922154024110118,0.16229489039085065,0.15377424825120517,0.15704669278958205,0.09697715838070975,0.09198447007229005,0.11772922445744843,0.1636564274161142,0.15136948885746354,0.1571110513963358
1998-04-01,0.1715789348736575,0.14858713354236264,0.13776243662981547,0.17338873757950435,0.15021004948298883,0.13853158456566295,0.1565721878498854,0.14427317804683903,0.14324109594409817,0.09144154799681548,0.08401112517905673,0.10552775962681094,0.15581483129643897,0.14329902399664174,0.14326428049370066
1998-05-01,0.19698854757355644,0.1747622846456841,0.1619498545371017,0.19878130373744396,0.17659946562707585,0.16304720119733307,0.1798994542822392,0.16962177388331656,0.16898391814937963,0.10321789831908867,0.09685801619275497,0.12330491161169899,0.19192924035073472,0.15980283922622157,0.16917662206156558
1998-06-01,0.2236190560085612,0.20260668239146618,0.1878101802409357,0.22432666192531575,0.20354168484590957,0.18824654648717515,0.21405698560020447,0.19974369115257473,0.19002891958611778,0.11716950607121646,0.10770532310821174,0.1339089050253507,0.23533748228894885,0.1835020063970938,0.1903197276265705
1998-07-01,0.2047702344772463,0.1828380260820045,0.16981303381597762,0.20634908784412814,0.18451721386798364,0.17083420172015518,0.18874480583326597,0.17786168739651026,0.17609931068558865,0.105429759322963,0.09855053912623113,0.12612180666785178,0.1779451735547341,0.184387889493,0.1761847305971624
1998-08-01,0.21223364133436595,0.19072063464318129,0.17731615208206414,0.21904512424422978,0.19800540947029072,0.18359156250635433,0.1511229597009921,0.16929133182794143,0.21788439946014793,0.089084690505222,0.10288593129257984,0.1674112412016135,0.17053541560846358,0.15357902738045065,0.2179461200324374
1998-09-01,0.17346856435483715,0.1507455911907939,0.14076784883155974,0.1840770011237846,0.161489384335104,0.1500214226575663,0.09164328804887684,0.12065920879846531,0.2045553557388049,0.05619189884553086,0.07867492052498976,0.16464294908529342,0.10530198940400781,0.10833764701908855,0.20441099611488545
1998-10-01,0.12363034782380977,0.10109876994945016,0.0951483317189033,0.13440225600146577,0.11119095687488006,0.10362606939811447,0.05123948906935412,0.07429917418483623,0.1570370782289917,0.036334891535317215,0.056444041057926275,0.13598017387283012,0.04193070029852474,0.0849634162733634,0.15744515891619865
1998-11-01,0.17363572014457024,0.15113854882533367,0.1411735701235315,0.18174669499314972,0.15934081879218348,0.14808898296601747,0.10697015607364485,0.12730664382004103,0.18729650921843038,0.06207631194983068,0.07742104875534737,0.14379730547183645,0.12293694653857468,0.11338957035295832,0.1865077713300307
1998-12-01,0.16668771976330526,0.143950071802656,0.1345934706720987,0.17427468971448207,0.1515392680012438,0.1409101367923798,0.10401822016194523,0.12182775772136761,0.176565870011605,0.059498924354472654,0.07255350659482585,0.13346926557829825,0.10494022970982536,0.12009679255860017,0.17643113567345498
1999-01-01,0.1662239256588624,0.14329292614799483,0.13402637112767918,0.1732697483474092,0.15033966398885468,0.13983502958448707,0.10705332765993586,0.12250262096621728,0.17175093098401467,0.05975176324216659,0.07067251583103071,0.1271093019146985,0.10993407237645697,0.11911768816264678,0.17150198546711565
1999-02-01,0.13963085460733998,0.11657524694261057,0.10945124349878699,0.14285487110789769,0.11943673211874584,0.1113020219664117,0.11329516399182338,0.10796115972572307,0.12166023064913667,0.06175196788770975,0.05885998684526777,0.08542585127131275,0.0900901117856171,0.1283578049037496,0.12270221748936727
1999-03-01,0.11145497623273004,0.08921548280648517,0.08420263182013171,0.1154505684666488,0.09256088377798327,0.0864637407707412,0.08095271457006153,0.07903912505074445,0.09944394510768378,0.04644289233860822,0.04611007971231272,0.07263095245998713,0.07404324142460754,0.08417913317751341,0.09975254716794668
1999-04-01,0.11615867214952857,0.0938112457609151,0.08834989168020069,0.11969414065829187,0.09674941760712963,0.09025677640772678,0.08880902468846896,0.08459895784156685,0.10117715474942873,0.0501946699366733,0.048325450597482764,0.07250547068982331,0.0857242357724523,0.08601506757924748,0.10126607897630935
1999-05-01,0.11651572546103572,0.09411859955911311,0.08859194408693649,0.11753820236334694,0.09462081348314977,0.08826077487319156,0.11218944780210227,0.09316453909963468,0.08780439551608887,0.05858818462593095,0.04752325537010434,0.05759339658944607,0.10391019030693693,0.09811700497660791,0.08812698413579573
1999-06-01,0.11392191407252056,0.09155687780734101,0.08615383701382029,0.11565376516774456,0.09272531356083835,0.08644275832843301,0.10276401152404274,0.08814668765600153,0.08902112387571465,0.05776991948258053,0.04899921882101503,0.06145185053415851,0.08939197895615897,0.0978318026544423,0.08986611203805678
1999-07-01,0.09795381346816062,0.07642602407771638,0.07217068035321833,0.0987870416976962,0.07665864115729144,0.07159242118679,0.0966557503358802,0.07661103891359751,0.07009318714557906,0.05266309259976819,0.04077181430670115,0.0465943669183993,0.08866458319881293,0.08126119513930524,0.07045287785363963
1999-08-01,0.11999465574445373,0.09730332187795943,0.09125688489104344,0.12074435183178683,0.09755295003318692,0.09071650293074762,0.11813441183663198,0.09730031969952452,0.08925306761674945,0.06572470604985964,0.05274390894753949,0.05956965353070508,0.1126357594818409,0.0998446953943457,0.08953961061345639
1999-09-01,0.10683367132933763,0.08477729552525193,0.0796492364674321,0.10826782862888212,0.0856118404790221,0.07962242524207075,0.09893411371495925,0.08257838371029874,0.08054855201417932,0.05606778144744969,0.046176496064957405,0.054900599246782256,0.09510383746712514,0.08407880950743907,0.08078758707116784
1999-10-01,0.12545636548913303,0.10262023705443046,0.09597727740837025,0.1264310874471934,0.10311127062035302,0.09564988076551101,0.12081999437270202,0.1016184447765538,0.09510096470495621,0.0689990138203128,0.05681653266102348,0.06449495727573035,0.11372629646792354,0.10537367557407196,0.0955277985414803
1999-11-01,0.1406667069428294,0.11757744595308744,0.10953139387043426,0.141490073301344,0.11801465850280601,0.10918140451994063,0.1362880253317803,0.11663466371802989,0.10841495771234311,0.0803503529027077,0.06728474236988286,0.0746903359678939,0.12550589180000288,0.12313572257538202,0.1092849665956303
1999-12-01,0.13540530528534617,0.11240648795990082,0.10468185649867345,0.13495113227430683,0.11154862601003845,0.10312156720617927,0.14498045443238267,0.11676983337578972,0.09785637424774457,0.0846123074094961,0.06569942251867292,0.065500188815435,0.12992283178091452,0.12580585738075578,0.09901550319262509
2000-01-01,0.19081125093242124,0.16861516026645734,0.15576976139116488,0.18524977054518954,0.16278597139546963,0.1498624829302504,0.253782796133388,0.19339519617318957,0.12915026308328015,0.13343645373896407,0.09220703549210557,0.07360661583099636,0.26769294729222176,0.18191345877316778,0.1278727365597223
2000-02-01,0.2419822587854652,0.22273240435717567,0.20515560398435195,0.2327093405869043,0.2131747776180089,0.1961097170271794,0.34141479284501247,0.2624325450728666,0.16423731900150257,0.16706886056669995,0.11208672347908094,0.0835662595004718,0.3854259484929688,0.23113798117087908,0.16124699164916828
2000-03-01,0.3243009672923812,0.3126151073188255,0.28786515866164697,0.31372599171222654,0.30212537507224174,0.2785274428996163,0.42235005166737943,0.35345713118146643,0.24399273620486717,0.21093187094493265,0.15619237240331313,0.12716459751985282,0.4661916616084782,0.320017608578292,0.24061502106326366
2000-04-01,0.29767892866259293,0.28385375209659125,0.2613370420925616,0.2846592597144195,0.27042128846273017,0.24906373242197904,0.42840401943302553,0.33850212972103,0.2061594506693301,0.20292576108168614,0.13679385222039692,0.0972088199624132,0.4198948496493004,0.34096598983489,0.2063979063182672
2000-05-01,0.28875229831951715,0.2748580061935374,0.2531615515006709,0.2766343259927455,0.2622686141615902,0.24161430304987386,0.4079301797040635,0.3261410515769449,0.2012253575327378,0.1931719909833552,0.1339994288743403,0.09663923718994066,0.39446793501530875,0.3321897122838374,0.20176365186887307
2000-06-01,0.29199056421877434,0.27991569404621863,0.2579285416488859,0.28612217059329403,0.27415147190752,0.2527464754287956,0.33899421226585624,0.30149598179795273,0.23318918812768608,0.17145216678563724,0.14399190024302405,0.13279990641857853,0.33495508108410166,0.3017122830320781,0.2331841531015596
2000-07-01,0.3392795637862397,0.33385860302775017,0.3084293978866266,0.33450452229917393,0.3296155588922466,0.30503621373728484,0.36785229612068937,0.34763369680533485,0.2907633698669013,0.19348000458422915,0.17697310739742178,0.17585028730402735,0.3759677831693249,0.3386690220879966,0.28990518584735214
2000-08-01,0.3797082433114445,0.3804175593121002,0.35284318189673514,0.3761864791098721,0.3779069788308205,0.351380439337746,0.39126280721892426,0.3862976922812991,0.343195070012864,0.20733698601775485,0.2017264643741022,0.21433704719202712,0.4164133916447133,0.3634660052887815,0.3411452681354372
2000-09-01,0.30273824772481656,0.2934824962248303,0.27301311118684557,0.305950108594503,0.2979593654010725,0.27738234721833854,0.26224175912810743,0.27648099780778657,0.29162055531805975,0.1541979660150905,0.16617621716179382,0.20856139177917282,0.23239084027508006,0.3042805726749883,0.29377270385388204
2000-10-01,0.33391826178395834,0.329360176225783,0.3078193246182565,0.3371983388006761,0.33433366607897896,0.3128830369428949,0.289609169448955,0.311700542339479,0.32907679221690567,0.16923129331683218,0.1859308826197289,0.23541307856921967,0.30652280644009305,0.29532496404839426,0.3276461335561025
2000-11-01,0.33049565376144263,0.3268269806872176,0.30649166628767655,0.3377195759760376,0.3364053760049021,0.3158733923997337,0.2538459013348613,0.29757832516762084,0.3482658098198711,0.15243933040163837,0.18627427688669346,0.26280836852968703,0.27512033175591566,0.27665782576889875,0.3465243067979563
2000-12-01,0.2657949898318792,0.2540695096005513,0.238771845526619,0.2775209382808445,0.26803544629641385,0.2517778245966946,0.16364185113236734,0.21565149739835637,0.30052366450657925,0.10496591598022875,0.14718475713673373,0.24435069831293932,0.17358676956555347,0.20549227407185006,0.2996683104323451
2001-01-01,0.12496141661808785,0.10327071650147257,0.09753124747741698,0.13402771355596582,0.1120169265759498,0.10490309522537561,0.06254187149263164,0.08190393405278379,0.13667190970854343,0.04215208712404537,0.06010320902895235,0.11718371254490806,0.05813235535058527,0.08675735575271992,0.13714432863317788
2001-02-01,0.1289584127839764,0.1072911575533042,0.10137410754652332,0.13833682917005907,0.11643928004508297,0.10918383366314066,0.06307644301011997,0.0850265253282887,0.14440359107242168,0.04038927434610178,0.0591946360501304,0.11987402221335325,0.0709850084756892,0.07567904403666044,0.14297841686529228
2001-03-01,0.07181637343726102,0.05254305156628216,0.04982193307365276,0.0786660381934437,0.05818226743829773,0.05435512305698329,0.030421856152355604,0.03963626262386981,0.07639702803202549,0.020838121037200067,0.0303296931264395,0.06782339126025319,0.02764596171342356,0.04283376919367069,0.07690875653536747
2001-04-01,0.04025419312828588,0.025715005578309053,0.02453868433797507,0.0441023907347542,0.028293533374430503,0.02639538081346706,0.01876506250831387,0.01998444918829152,0.03581056041214909,0.013050391851059362,0.015792130672370477,0.03259970924903142,0.014391057648979742,0.025137183491912875,0.03658016801036858
2001-05-01,0.02649622224485524,0.015287101082100981,0.014674297208888671,0.02907856213737752,0.016765686668785845,0.015642847853047055,0.012976566221334996,0.01208360986437151,0.020757843188904234,0.008592588693157132,0.009262951948583087,0.018677142678612542,0.011935901019512134,0.012795646742249162,0.020890403704936552
2001-06-01,0.029613090122878997,0.017559192368530766,0.01682725438522612,0.03221061976401268,0.01907054476078148,0.017791452022680048,0.01568686673609967,0.014249759097541854,0.022839063768966363,0.009669632352184798,0.010049605671306914,0.019405313770162462,0.015156139352344358,0.0143879364585538,0.022885344826447822
2001-07-01,0.0334129259718501,0.02040508705991535,0.01952064975281972,0.037625385831760276,0.023183803433012587,0.02162733118981241,0.011807102184641602,0.014474249495508445,0.03279863876899121,0.009010026975733483,0.012895309858808128,0.03248679678408236,0.011995625575315126,0.01401564963716716,0.032730852903391366
2001-08-01,0.03240409944684677,0.019641833909876363,0.018798610756637336,0.03640439808476445,0.02224293569979257,0.02074973484169151,0.011825757742978147,0.014079103571511308,0.03107826217023893,0.008198074837201294,0.011444265129641563,0.029157010681253075,0.012696495480394103,0.012911309333371574,0.030871735489368415
2001-09-01,0.007835424986372585,0.0033168630187875147,0.003254133209597694,0.009633513182468337,0.004131796462496398,0.003869427742910863,0.0013310963413831723,0.0018449609956849122,0.007878975227351604,0.00155516771263751,0.0028081777112847353,0.011205863557673529,0.0009708223272268548,0.0024121189179431525,0.00807274826465706
2001-10-01,0.009241007894472467,0.004083102282566003,0.003992743410109934,0.011203861018356525,0.005008046464886002,0.004686520411329232,0.0017863416765275387,0.0023701075785301723,0.009068248237704994,0.001511575555750784,0.002617395053745451,0.010648136717853349,0.0024626751731087544,0.0016865600977424336,0.008830414201699726
2001-11-01,0.004294738699632388,0.001552289153380726,0.001542365573472419,0.005135119162817799,0.0018496952302988353,0.001738831586087634,0.0011299607096110426,0.0009979114167381104,0.002980760690712749,0.0009147022386501399,0.0010904316088453457,0.003548870807590766,0.0006786159732002794,0.0015595596069962084,0.0031108792108695328
2001-12-01,0.003262039795364784,0.00109306134661272,0.001093303861418907,0.003804470978712795,0.0012568113348631375,0.0011865389191454657,0.001179104025342262,0.0007826401303448873,0.0017167466582699287,0.0008306381311676226,0.0007449339766131453,0.001894193419376388,0.0008470891409070895,0.0010358420881236255,0.001777765407657553
2002-01-01,0.004057281210548001,0.0014373642472128372,0.0014197877608553577,0.004622732276684103,0.0016096570483584264,0.0015066470838824852,0.00180582503313713,0.0011037920764505914,0.001976013632566274,0.0010501457104410208,0.0008406494947973733,0.0018734031317142528,0.0016422241741553506,0.00115996789374114,0.0019937306341507224
2002-02-01,0.003950237423897757,0.0013833182165476799,0.0013571786871741408,0.004620714266480475,0.0016015980694113988,0.0014889185698605395,0.0013327549102716747,0.0009618209241959453,0.002131183588178509,0.0009579199754356309,0.0009289796689869961,0.002391649500357646,0.0010100876407259758,0.001212499259820189,0.0021985058973736185
2002-03-01,0.0034730229592538366,0.0011752039195457845,0.0011443135674853193,0.0038003446939006277,0.0012463636352468411,0.001148453167782515,0.0023925475026405378,0.0010575276120302413,0.001242323597536419,0.0012103370112052476,0.0006768347395300315,0.0010377231836199443,0.001617155395287881,0.0014936679832578297,0.0013005321868458444
2002-04-01,0.003367645519702688,0.0011305090870892525,0.0010945497450984682,0.0038846015246530095,0.0012822375537440611,0.0011741103597878914,0.001352350600007285,0.0008366588310077597,0.0015493023873162828,0.0009284813417550691,0.0007684367420855299,0.0016916660839536757,0.0011413922023012634,0.0009481192117937341,0.0015760593280279784
2002-05-01,0.00300635809231433,0.0009805170591741213,0.0009461971627167424,0.0035442713493289285,0.0011418399243002784,0.0010403570094811706,0.000974274953895473,0.0006725246326847092,0.0014756259805200143,0.000799379338576789,0.0007551112309037271,0.0018577279785781835,0.0007205757268232076,0.0008664451750487451,0.0015208237364221348
2002-06-01,0.002451228549219979,0.0007580103019737391,0.0007293111202855433,0.003045401874338504,0.0009409831176266681,0.0008523640113367889,0.0004634523821235349,0.00043086527856622695,0.001442539526898607,0.000557571970301545,0.0007353163816107431,0.002416236892421733,0.00034625353393993294,0.0005492798903458377,0.0014834074567117272
2002-07-01,0.0022119306333367966,0.0006663026202908165,0.0006375841969377635,0.0030119711412425016,0.0009292508239696634,0.0008357443759044088,0.00014619984506699136,0.00026536737259428965,0.0019253000419840716,0.0003669698545539858,0.0009420867422204722,0.005036490527796759,0.0001092112404830546,0.0003392056027129448,0.0019763014412291003
2002-08-01,0.0040870537588083245,0.0014531159824003935,0.0013699663110607959,0.005377363587477247,0.00195680454100119,0.0017496955210340587,0.0003535674459825673,0.0006345185627629414,0.003660363971940498,0.0005746844107331733,0.0014196019601928746,0.007098471767095385,0.0004950434365009297,0.00044977570072390465,0.0035509573401711655
2002-09-01,0.004513834548261378,0.0016492313952916296,0.0015513008781699947,0.00621803417572162,0.002359096560085451,0.0021076526146600444,0.00021433082713157744,0.0005929740446132038,0.005143186649706044,0.0004738258315048681,0.001761730452455052,0.011559006739509969,0.00022584133126259435,0.0005592703715240807,0.005124003706974488
2002-10-01,0.002005590917166942,0.0005904039100662438,0.0005600346643876291,0.0029266107690764783,0.0008992995036768731,0.0008004870209342292,5.703500390869339e-05,0.00017815881232363342,0.0022590831670952966,0.000229667732994549,0.0009872221324291688,0.00750991747467706,2.7909671993259733e-05,0.000328887412164709,0.0023994886352472185
2002-11-01,0.0019646422851868515,0.0005764818112594674,0.0005467486309761526,0.0026112658966657657,0.0007789759708427429,0.0006929739672946624,0.00017667346479962977,0.00025368504126968615,0.0014275313061169615,0.0002910504442418113,0.0006120536686763426,0.00298783138653047,0.0001894687092194081,0.0002300461778783056,0.0014187963280171587
2002-12-01,0.002214957028763223,0.0006730379101209734,0.0006371622597821886,0.0031081556255212325,0.0009772441645868241,0.0008695355361598238,9.976920426701805e-05,0.00023561171866126406,0.002166884099262588,0.00024315393394645795,0.0008200190433545235,0.00554931734809883,9.470101806507267e-05,0.00024239617000920236,0.002178389190158695
2003-01-01,0.0020516712407606342,0.0006114792541235136,0.0005791106485473205,0.002802127822003843,0.0008569208741758576,0.000762003310988809,0.00013090410038645603,0.00023975281831289057,0.001728635384473755,0.0002510172777287221,0.000669289893146997,0.003933017535271365,0.00011184716429392024,0.0002705414610125292,0.001754069564366815
2003-02-01,0.0025974340173660665,0.0008249732436703608,0.0007790457569003413,0.003619745738133301,0.001190475447248037,0.0010594565670925564,0.0001217746455084927,0.00029266698672605955,0.0026010186861025737,0.0002674196353068156,0.0009099127352305607,0.006199693502367205,0.00011875310920389824,0.0002942483139371276,0.0026084575752854267
2003-03-01,0.0017591925914183981,0.0005036864481108677,0.000478177683002391,0.002513361776749069,0.0007463995525922011,0.0006642676227482822,6.662517270806281e-05,0.00016591605630127525,0.0017388440160818368,0.00018961139624106636,0.0006778376939163482,0.004955049632890003,4.380977042465178e-05,0.00023766024195014462,0.0018028877572930436
2003-04-01,0.0019446704951836674,0.0005727260696993863,0.0005427629546592149,0.00272216955284167,0.0008280181451882262,0.0007368750408293125,9.230556820877816e-05,0.00020323398883414392,0.0018119559246625812,0.0002144333724720676,0.0006801239564529697,0.004598225734514086,8.640360388790526e-05,0.000211451103570882,0.0018235804880330122
2003-05-01,0.003688872031087992,0.0012899636856446624,0.001212643703001689,0.005129209532194305,0.0018654233105556946,0.00166252884977962,0.00016121106994735357,0.00044824054008490885,0.0041223897675008786,0.00031183560610747747,0.0011994250159179341,0.008854369981667203,0.0002272571629396039,0.0003213847177872371,0.004008415289111591
2003-06-01,0.002055404235921609,0.0006160284059721366,0.0005831387852430485,0.0029000597852860736,0.0009008040719947214,0.0008016647931828867,8.674807688891601e-05,0.00021021715301257937,0.0020287164424287007,0.00018773345100041777,0.0006566631809885995,0.0049191681306774435,6.006739200114879e-05,0.00028765458939713037,0.0020935829056268744
2003-07-01,0.0028913321151041223,0.0004542781786806093,0.00010382927700587702,0.003477472226631778,0.0005803586873915417,0.00014634574878927216,0.0024572539303010766,0.0011385993673651827,0.00020337588590530736,0.005367147355065931,0.003199577340798037,0.00024309247594646403,0.00113898987471554,0.0030792792526024306,0.00018517175847363257
2003-08-01,0.004379264405179075,0.0008361307000355012,0.00022109587492290895,0.005049356897640395,0.001006492872055142,0.00028823970217892436,0.0038534119817434168,0.0016879351367449585,0.0003718063963637008,0.005752236578866507,0.003165549440124215,0.0004171082176721636,0.004404635793901217,0.0013706326583163833,0.0003760753686828804
2003-09-01,0.0051943418230076185,0.001075099075781509,0.00030167892464299666,0.006262607937893715,0.0013823239941036169,0.0004255440679740695,0.00435752811651644,0.0026924074346514663,0.0005853913457594324,0.007890556048711053,0.0059616292861810775,0.0006684487109214234,0.004548493264696729,0.0025378804213369607,0.0005856459722284612
2003-10-01,0.004498936014827737,0.0008737012526999883,0.00023367329624362278,0.005265818587173285,0.001075384002276187,0.00031294918677983224,0.0038854400667168282,0.0018883900206369503,0.00041106163311983623,0.006254647378310286,0.0037835361538649005,0.00046474307976455747,0.0031632383464148548,0.0024870656032543537,0.00039940852317614983
2003-11-01,0.005276189717952822,0.0011020153133675318,0.0003119961292633978,0.005995493750241372,0.0012999781887204384,0.00039598085093058217,0.004686514846217597,0.00204476256807595,0.0004954877362584963,0.005986875936473146,0.0032161240685871432,0.0005409963919136761,0.004719930004782853,0.001997947053207327,0.000493760099108213
2003-12-01,0.0048326470926402295,0.0009725597255657208,0.0002676242566126104,0.0056081717096942325,0.00118255251540111,0.00035291671428093794,0.004196133622947862,0.001994380982830736,0.0004560718010002179,0.00617102108163579,0.0036177106058137127,0.0005080940153297187,0.0036657952518851797,0.002385570292157728,0.00044687856128031715
2004-01-01,0.005633170594027476,0.0012176707872437124,0.00035322203044199115,0.006476614730639803,0.0014619080306197461,0.00045773040755611873,0.004929752078402603,0.002384214949428368,0.0005815778445097008,0.006470644974349732,0.0038241543378572766,0.0006352162802365408,0.005019701610184304,0.0022969210484699858,0.0005803287573581058
2004-02-01,0.006313180808980698,0.0014396850123921522,0.0004343812279251295,0.007388977492044278,0.0017746307299051577,0.0005805424991168865,0.0054140611144427595,0.0030676889288036298,0.000755576597232041,0.007738095737614803,0.0052936623219507544,0.0008312121321912145,0.005160265697279677,0.0032634893108141397,0.0007481979620566928
2004-03-01,0.006812516538085548,0.0016105638678018922,0.0004991245347554207,0.008061775553209544,0.0020178037721426756,0.000679882039978367,0.0057647683140447875,0.0036076449473396435,0.0008977224958675397,0.008632329326886711,0.006454325209534433,0.0009908452385353067,0.005544962738389561,0.0038056388120211487,0.000889971466076925
2004-04-01,0.005109218941589678,0.0010662783177798067,0.0003000875314753052,0.005645204547904383,0.0012082875692618045,0.00036264844822816176,0.004646538573603517,0.0017157558621530298,0.000432468184963845,0.005077781358613768,0.0022984842617244307,0.00046294107822694144,0.0035067896875572413,0.002485403644493577,0.000416447863656686
2004-05-01,0.006319993256232111,0.0014538365378000385,0.00043998052991796896,0.00682555572853905,0.0015959725526779587,0.0005100095835853378,0.005877769126630254,0.0020925188790162853,0.0005853896706401277,0.005501242735366445,0.0023607587006237206,0.0006113857816011706,0.005369275905141506,0.0023195563276404933,0.0005767888617246674
2004-06-01,0.009158487121734926,0.0024856970180849422,0.000852710934788255,0.00986583516967895,0.0027241116472863963,0.000982228242056206,0.008522455093210084,0.0035336682649465363,0.001118952239448141,0.0076245892508500605,0.003728547565298881,0.0011527039907791286,0.008006765911054575,0.0037739116011687793,0.0011068232731561711
2004-07-01,0.011272793328420804,0.0033531283662451778,0.0012338350855220384,0.012198800775125869,0.0037022479928840763,0.0014310561645311509,0.01042685731071757,0.004868191870299632,0.0016382419984834916,0.009284578697395796,0.0050551802217683635,0.0016782433486474792,0.010090455531731985,0.005005566344890031,0.0016265786666294258
2004-08-01,0.015818230000855697,0.005445779173459844,0.0022414544004313165,0.017502580013588728,0.00621448128849948,0.002696712757584045,0.014256881031475288,0.008768572281288637,0.0031784076028092976,0.013529377817464796,0.00954134322120611,0.003253511746578489,0.01528251589987161,0.007883851023849501,0.003194876761582898
2004-09-01,0.020526197718002133,0.00789904612103829,0.0035402310629518703,0.022288532920527335,0.008783109739674487,0.0041149507099320064,0.01885817831529883,0.011602913636413656,0.0047052413187796864,0.015340633330141086,0.010661734228964074,0.004699312966555063,0.01940320410180862,0.011028835416197095,0.0047088984800865916
2004-10-01,0.025973842324758696,0.011040921684527543,0.005337644316556028,0.02842535510474859,0.012422118805278349,0.006277903731998185,0.023615668853673433,0.016794116380594474,0.007239750317055612,0.019943274522798586,0.01585161157653851,0.007231296513775743,0.023288805862038506,0.017016159116278688,0.007211949707958843
2004-11-01,0.031123417222656453,0.014276473054980964,0.007312169453397337,0.03326792284342713,0.015548297937419955,0.008250169040916976,0.028998745369445075,0.019436736563502685,0.009182524040826099,0.0220381534365684,0.016325200266503286,0.0090406822926747,0.025985418829807642,0.02233179132641494,0.00905166912321344
2004-12-01,0.04014094570799547,0.020422911511917094,0.011327415338353413,0.04220257863296878,0.021750993542539045,0.012404966207710658,0.0380425166960542,0.025702830804303772,0.013453096871045601,0.024131924820096035,0.017796621236043263,0.012890087693980937,0.04287523252319618,0.021366131634488805,0.013621089113469551
2005-01-01,0.06473928072156325,0.0396088259396785,0.025354304040850567,0.06639995222329252,0.04083029763670162,0.026568171344574423,0.06299567657128774,0.04439568377052155,0.02772251264563249,0.031608957042485585,0.023753969056887196,0.025663986510585244,0.07304917169579447,0.03524721984885985,0.028177775280931412
2005-02-01,0.07659556205035918,0.049939808988102914,0.03359175354430803,0.07775805938751003,0.05079140552782185,0.03458420901575342,0.07537526112400178,0.05336017467535399,0.035530155242572574,0.0365861877725417,0.027314740921452724,0.03274085779767505,0.07058887210620649,0.05757178210490986,0.0352444487497374
2005-03-01,0.08156239545845984,0.05450893645726762,0.037379625527731455,0.08183077112099535,0.05456933619152861,0.03774100169029203,0.08138851471320846,0.05515956281583101,0.038130665663967035,0.036722002157809415,0.02596000359685127,0.03483546452223895,0.07885397569993685,0.05666785933499541,0.037973441472332975
2005-04-01,0.10204556580184926,0.07391935118424103,0.05400184003207058,0.10332973807675278,0.07498846319523608,0.05529404354249198,0.10059100306179702,0.07799544982579612,0.05649651303027121,0.04644796517317017,0.03788632538286318,0.051662892624681454,0.10828668998551488,0.0691512263154621,0.056958121664309525
2005-05-01,0.12296793170161446,0.09501917981983077,0.0730423252843824,0.12464478086803027,0.09658064072545952,0.0748485372583451,0.1209679350422137,0.10067761990316187,0.07648945693850782,0.05453727023511381,0.047941897849989853,0.06971062293385162,0.12977025849714652,0.09010260534674347,0.0770822016802304
2005-06-01,0.15343849535969056,0.12744875692727553,0.1037494677452358,0.15489798758489604,0.12892772230891741,0.10553296553321928,0.15163294703582786,0.1326213468000796,0.10711805288537818,0.06548804415970771,0.06059028772442725,0.09719950946099631,0.16147987202342373,0.1202154414783379,0.10787195937112837
2005-07-01,0.16237997191484072,0.1374276129110032,0.11364640333307885,0.16224607882569664,0.13718643272264047,0.11375475882899233,0.16255381047523498,0.13679270611533018,0.11389731444277168,0.0687377527087763,0.06052565382020539,0.10322847970338372,0.14999420794289198,0.15102005950902886,0.11290835208527461
2005-08-01,0.19151969994784696,0.1704569462338712,0.1467576556770122,0.19327956198443808,0.17247326162916643,0.14906728556073595,0.18914877451072876,0.1771052710912095,0.1510328613281623,0.08464854046307402,0.08434557158740935,0.13784558210067643,0.2003331164383404,0.16204924921728786,0.15201948767700202
2005-09-01,0.16865143490935564,0.1448705470907417,0.12141422182981076,0.16797092173230366,0.1440391116835089,0.12092027909048136,0.1695448941611996,0.14227157443885086,0.12055279104929856,0.07034688722619761,0.061916966323027386,0.10920127495074827,0.15668325680132322,0.15694193913899662,0.11951858929109105
2005-10-01,0.18811414299455992,0.16715641821314942,0.14395020284728738,0.18849838802014496,0.1675820678546851,0.14465114991302802,0.18752641840961876,0.1685355334694849,0.14523961121078338,0.08770254217326484,0.08311974689232388,0.1334099083385618,0.16960831683721378,0.1911555359340688,0.1437109514698482
2005-11-01,0.20367255533448309,0.18548861905579261,0.16294927049171387,0.20436020346462525,0.18633192482005778,0.16403613278824247,0.2026034345654718,0.18810309414625281,0.164899652710628,0.0951534205958664,0.09365712008994348,0.15166720622374036,0.20645890728919292,0.18159358197557446,0.16529520765116723
2005-12-01,0.23524456936342203,0.2230858304401705,0.20246223250168988,0.2353020345760995,0.22329958796250288,0.2027910978538533,0.23492849545198835,0.22342209243402494,0.20300029101089573,0.10492653864147455,0.10614777684440158,0.1860014328503336,0.2518422151895701,0.20045062778423867,0.20459029640332715
2006-01-01,0.24812741433259378,0.23890778925332162,0.2196290770277517,0.24997863169645762,0.2413616415586446,0.22226721588107834,0.24532932894417442,0.24636937515872603,0.22422605343767543,0.12227213645834267,0.1310099024830585,0.2076525442308122,0.2301532501989217,0.2661690984142391,0.22294834707721906
2006-02-01,0.2927474231261946,0.29400283010310446,0.27946347136973476,0.2914306685488093,0.2927414380072386,0.27793161468027283,0.29410227139856204,0.2891996984680044,0.27664820861884165,0.13073739946408036,0.13664603972054024,0.253620249423957,0.3167635153911653,0.25846918695556487,0.2788363925915214
2006-03-01,0.24250105668455246,0.2328261714868186,0.2141667442245352,0.2430181388838598,0.23363498874386496,0.21508540585435132,0.2415046817894697,0.23500435660270408,0.21571124865940722,0.11987001109073164,0.12340387095768723,0.19927101578050777,0.20910070409023374,0.28095388881975425,0.21263853996559745
2006-04-01,0.20968640965999935,0.19383159859124438,0.17357592080817547,0.21167534101664465,0.19626932451481427,0.17628682586010974,0.20669067450900558,0.2014823130224941,0.17825635159933578,0.11378239029516152,0.11706385427953842,0.1660590033629457,0.1852668413886398,0.23003243240314564,0.17643530396457446
2006-05-01,0.22730326198142553,0.21551037073625684,0.19667308969411396,0.22831991315064293,0.21687292042216566,0.198214455401498,0.2256393413482085,0.21954335601899205,0.19926529785331093,0.1196463608587559,0.12281857047270583,0.18445530348749045,0.22811607796639438,0.21479488435837035,0.1995163153535371
2006-06-01,0.24412961464759841,0.23625366444762125,0.21918281151694968,0.2431407716808986,0.23523411395235705,0.21811695645143708,0.24524156829756233,0.23259403496664466,0.2173553331339178,0.11886425784367172,0.11833858440297063,0.19829426742195183,0.2559096614615839,0.21742561158737111,0.2181351085494962
2006-07-01,0.2657198723697092,0.2629130755609636,0.24849256134436387,0.2683869079685347,0.26652963608042585,0.252345611248869,0.26141887942721487,0.27373608210055156,0.2548681619717409,0.14380276114136925,0.15944314883501304,0.23483625885252124,0.2643962033703074,0.26912909654014405,0.2551881179933453
2006-08-01,0.28755991855220003,0.2899880955964235,0.2789264011418643,0.291929506343204,0.29588907549695315,0.2852040486770889,0.2805753547885995,0.3080713587858239,0.28914313674247505,0.15715297380230714,0.18359393068349866,0.26552035208058633,0.3007026250473389,0.2812297780493452,0.29066375715847925
2006-09-01,0.27571598158460886,0.2754647480211304,0.2635481854063014,0.27818000069824955,0.27889512372933595,0.2671692858742022,0.2716302863516594,0.2856783997061726,0.2694266941129244,0.13663483557320022,0.15274710216700843,0.24263258180986658,0.29206053492348116,0.2591027557306582,0.2712553527446194
2006-10-01,0.3107067495437248,0.32026411540987704,0.31340893624661337,0.3156192794824232,0.3270324829060505,0.3206041469956257,0.3025317000246839,0.3406216965951441,0.325074522667962,0.16675046821862866,0.20098085418575357,0.2953406056388355,0.30548391640665873,0.33650479977734105,0.32553520377002265
2006-11-01,0.3302822271257863,0.34614105537087514,0.34269748065037553,0.3353673883565185,0.3533150084618131,0.3502757407000053,0.32113321262898886,0.3674649179121092,0.35484729720872393,0.17267415182102214,0.2129345674308935,0.31984816227429785,0.34284022937846276,0.33846783550730625,0.3573626938268466
2006-12-01,0.2819812297445071,0.28529462821614393,0.275134619902637,0.28387918062961337,0.28815488369946474,0.2781046988366119,0.2781264946732056,0.29353523639751267,0.27984965177511717,0.1371354852863147,0.15360947834706418,0.24628138604038596,0.27000080744495036,0.30370342586665455,0.2792520008947559
2007-01-01,0.2812190257932694,0.28503901134073634,0.27515031970820636,0.2834717468060667,0.28838621532281566,0.2786684978049595,0.2764141927726932,0.29466300033973514,0.28062564051092986,0.1416583139874697,0.1597789957662667,0.24659090390187222,0.2696696180352559,0.3030883194147321,0.2800205782194867
2007-02-01,0.3100317438953454,0.322662590036725,0.31723502101634515,0.3157600925602442,0.330709744726383,0.3259468013756521,0.2978950205641392,0.34594383130650397,0.3311547295258071,0.16627173665202427,0.2065484192576001,0.29255021646483703,0.314993894680158,0.32010620814345125,0.33248007763824394
2007-03-01,0.26707613183321854,0.2681703635213537,0.2570120466632846,0.27335567985483566,0.2766028307132749,0.2662683874863406,0.2538603144267171,0.29262815943476905,0.27178701473440636,0.1490582064083752,0.18229091081622134,0.24040727729516864,0.24504601165741446,0.30668832691237063,0.2708255153953062
2007-04-01,0.26009098953854204,0.259435152861481,0.2481812549637456,0.2648063507976219,0.2658008176050803,0.25522306232165526,0.24967854840387166,0.27704867707622327,0.25912435057416494,0.1352095551766771,0.15894625392672357,0.22472134186162362,0.2617272944232367,0.25873524050244834,0.2610753942769694
2007-05-01,0.23473375220848441,0.2277935453585906,0.21406079980668208,0.23558922971152435,0.2291247387584341,0.2156546625800536,0.23224851969957877,0.2311046512955624,0.21647053566110824,0.10938549143852938,0.11306525474934792,0.18150741424738293,0.2283415092005182,0.2356928940632958,0.21605280308504604
2007-06-01,0.2026223320644996,0.18844950657992232,0.1715793184496111,0.20284875627322413,0.188859745480969,0.17226803171834587,0.20171891853490542,0.18942961441326522,0.17263857228593188,0.0924045055319917,0.08931003401000748,0.14275721445968043,0.19597935011677386,0.19628134792106522,0.17204138007270653
2007-07-01,0.24187725219288858,0.2370244107261043,0.22478057693951303,0.24802273093471727,0.2451246563279632,0.23386228163483624,0.22614898045516058,0.25804445361504424,0.23838694627425783,0.13587300623699816,0.16276847327127625,0.20792146886104024,0.22787653467060004,0.2551069124331375,0.23872394808526792
2007-08-01,0.15476139220794105,0.1321060084227773,0.11262562198274823,0.15885504433279252,0.13673094123918716,0.11769538243281702,0.14474857732427399,0.14371276834866303,0.1197462092924429,0.0773228948494835,0.08082535858508927,0.10103850971611944,0.1537851140904074,0.1299836224152408,0.12042853201163839
2007-09-01,0.126085651248599,0.10033799675526373,0.08090422244552298,0.12909453519292102,0.10344032115136503,0.08428253446570566,0.1188965852744609,0.10772242785989294,0.0854674054091325,0.05981237507203377,0.056980961435085895,0.07074679184147428,0.11873797303959344,0.10714676543296148,0.08545903273863359
2007-10-01,0.14705356165787486,0.1234327703778047,0.10380722217866545,0.1520218585180998,0.12895306339700563,0.10974541917915581,0.13439997414246518,0.13588069138223213,0.11107402390473459,0.07583298499791329,0.0811040143612467,0.09379082326401755,0.1355277254559012,0.1337947069337575,0.11111531679578618
2007-11-01,0.10474623469188443,0.07801726391538608,0.059695584835880215,0.1124061836986402,0.08571122175297852,0.06723402334005338,0.08601944882336282,0.09568933006701413,0.06791314718863406,0.06381945342554035,0.07690955892355562,0.06196810197480435,0.09038558975532957,0.08901089835757842,0.06790063705737398
2007-12-01,0.09354622875770086,0.06683449286803005,0.04948026083885643,0.09948989863800695,0.07252536392426523,0.05496760567723973,0.07899462830321236,0.07989190201873947,0.055461024397405974,0.05227350786519952,0.0574826238584013,0.04913200690925055,0.0804687926889126,0.07760873631994084,0.055457690398762784
2008-01-01,0.03204081179155132,0.014894328040240986,0.007828023432852748,0.03553644708484503,0.01710878509089025,0.009424119439740971,0.024312307662404078,0.020209103338490263,0.009574771355553324,0.021202761589558302,0.020537903882600475,0.009716603612505738,0.02321493438292819,0.021719257013916086,0.009577045524908966
2008-02-01,0.02407991847763678,0.009900455005590171,0.004716355239453361,0.02839172119301383,0.012406855937041867,0.00634146005357093,0.015306779180246713,0.016181161889758565,0.006502340359817844,0.025815644911616822,0.03178797743540797,0.008322652521699527,0.012259747621941933,0.022762312739247965,0.006508244125278845
2008-03-01,0.018043861924977877,0.006536125662379537,0.0028131569126372737,0.020823466838735774,0.007937188875379739,0.003650149923103206,0.01229570602385046,0.01001470756394348,0.003732148207946216,0.015266979196496703,0.015148153900369896,0.004401080558074582,0.013817222704194273,0.008311229711002866,0.00373062048238803
2008-04-01,0.02062216566464277,0.00792353145262589,0.0035752359551283865,0.02237104349485373,0.008803279065865236,0.0041494866813928015,0.016795699010805486,0.010033867438950912,0.004203430939460515,0.011472522494790426,0.008145919335255028,0.004058973838263479,0.01708380938949555,0.00962058081326605,0.004203494037752778
2008-05-01,0.027104953168699868,0.011729607670985295,0.005821557978418154,0.029276883321503237,0.01296572324604839,0.006695865192450224,0.022263858520079945,0.014672304096949687,0.006777380306375939,0.016488029219981833,0.012667146521712767,0.006645445959611394,0.018565515205624418,0.019394640376415462,0.0067829167725736396
2008-06-01,0.032390656262274414,0.015126551929482,0.007979457559513516,0.0343262128612813,0.016282812354743915,0.00886703071895852,0.02802548158110911,0.017856905326058235,0.0089487970434294,0.015856584888130937,0.01148219410563223,0.00793203604031775,0.030941507887572956,0.014864469169657283,0.008945686356230546
2008-07-01,0.025716598937158313,0.010879115240648317,0.005302236116438439,0.02755947625478878,0.011887892503172522,0.006015580734397995,0.02162120089624747,0.013279086686954718,0.006081912836647031,0.013856926913294067,0.00989402229023932,0.0056919481152927,0.019463542897124507,0.015548726263103703,0.006085046577409076
2008-08-01,0.02950273803911828,0.013240348451658788,0.006765562547790897,0.03187648729717457,0.014646796334569669,0.007782361495570813,0.02418309593631112,0.016582229973032502,0.007877015386021523,0.016226433471479305,0.012903634968762415,0.007400256288090111,0.02451243477429452,0.016054466068621265,0.007877099049274791
2008-09-01,0.01760553766064971,0.0063081755156946945,0.0026914136544864456,0.01901647257296625,0.006960104230905401,0.003101881827762838,0.014549645596973982,0.007876118945340075,0.003140475581621855,0.009087010719613667,0.005881845165522641,0.00296925008214705,0.014221992580786045,0.008044318158778966,0.0031410867284796216
2008-10-01,0.006293776548834841,0.0014103686894487992,0.00041289849369534803,0.007037189520043635,0.0016284112467049724,0.0005088688207271221,0.004783822028788774,0.0019517863314595305,0.0005182227041204879,0.0044655911386811764,0.0024132505339100755,0.000604885301998206,0.0034967313867625962,0.0031895106095267993,0.0005189916144866844
2008-11-01,0.013850708144750064,0.004458168626560662,0.0017453770430645036,0.015290566981163154,0.0050715698914223055,0.0020944088312144678,0.010790351224948883,0.005951269858586258,0.002127751873590963,0.005828378611242278,0.003951906780848387,0.001909589496138462,0.01866655818046387,0.0021543652235936138,0.002122856698427152
2008-12-01,0.027745760064619904,0.012128248323063476,0.0060680544536784575,0.030008636599544267,0.013433001269596867,0.006994858261019227,0.02269632799465157,0.015233963173695545,0.007081286354656231,0.007846928881978304,0.006139604452163002,0.0052438142136892315,0.032973790008324705,0.007758947932105136,0.007070474117293495
2009-01-01,0.011382642628990405,0.003352427293513484,0.0012222237235880074,0.012956053907159499,0.003984096538048745,0.0015517179773479846,0.008140591546095356,0.004919307195655754,0.0015839208636701633,0.006399908195819368,0.004909134564680583,0.0016324804222333869,0.0038724432148679066,0.01465198734323379,0.001588824432970531
2009-02-01,0.01045633045922711,0.0029627280479894466,0.0010471259746130627,0.01180490912293101,0.003478018825049634,0.0013104609482219906,0.007668301185120378,0.00423692305433084,0.0013360895644354655,0.0058515839678716175,0.004114573282287345,0.0013767954370873588,0.00664986044411315,0.005286384865949845,0.0013370388790677299
2009-03-01,0.012967569261480733,0.004051724695347894,0.0015488964827319112,0.014822804376999213,0.004847413542129887,0.001980057511052903,0.009140230109227104,0.006026219475824362,0.0020222358264106914,0.007252679557989859,0.00602294005972128,0.0020666440980517385,0.009839051115658257,0.005314895416745024,0.002021803042127984
2009-04-01,0.006238975941199471,0.0013923867915116967,0.00040629863922288744,0.007254634322057146,0.001703020570472576,0.0005381403268131823,0.004234474622069215,0.0021801246770773524,0.0005513341218373814,0.004760785710248168,0.0032908540370951305,0.0006752683025944648,0.0026674867100667118,0.004454382814171067,0.0005524659403893325
2009-05-01,0.004200409888090033,0.0007780855079387972,0.00019549157709919287,0.004943229114837337,0.0009669318366056774,0.00026527108141680106,0.00277117099241811,0.0012633315866909399,0.00027235187473562426,0.004016437719790311,0.0025604696872513354,0.0003787771390447173,0.0019585510811508024,0.002180246863173471,0.0002727924709275398
2009-06-01,0.005105705931526233,0.001037182910547421,0.0002806315992304712,0.005820301569814303,0.0012308524502361003,0.00035871531639113926,0.003682649080824267,0.0015241529147243123,0.000366443453585562,0.003787837755857605,0.0021305080271152846,0.000446168262734973,0.0036828368108656555,0.001497280053215218,0.0003665006603806898
2009-07-01,0.004904682257669515,0.0009794807500987813,0.00026086215866655813,0.005593413225621932,0.0011630646930724223,0.00033379647976015996,0.0035318570738326147,0.0014379036424178242,0.0003401860653712979,0.003626588980856304,0.0020149007856259467,0.00041527860731087644,0.0032157349457952416,0.0016408081491533046,0.0003402918094904014
2009-08-01,0.005403441417720576,0.0011305175086467841,0.0003117838495789257,0.0061818520726451415,0.0013494708998291252,0.00040114639500869227,0.003846148539001462,0.0016743650555642012,0.000407538984319626,0.0038625928086703,0.0022791601335727563,0.0004885701564818657,0.0037825720783878232,0.0016860711801029945,0.0004075443346742982
2009-09-01,0.006236013456596895,0.0013970054821647552,0.00040712195174995677,0.007071226231061595,0.001646258911637266,0.000514734461855245,0.004545968450349988,0.002006528559369264,0.0005217283213362601,0.0039140909827223855,0.002300951333357977,0.0005850070192319699,0.004647417969881088,0.0018940822468532736,0.000521611321679152
2009-10-01,0.004435863148981838,0.0008490038066007635,0.0002178575271211603,0.005138783463420954,0.0010308205149151292,0.00028703064618912816,0.003052298824688145,0.0012993877638618043,0.00029136472223057706,0.0035410993964031688,0.002089406505959267,0.0003729608642525162,0.0023043644858902813,0.001998616493732086,0.00029159469301938065
2009-11-01,0.004379550104660431,0.0008357141863377832,0.00021340496422157614,0.005268108228028415,0.0010726183610211364,0.00030139531664985443,0.00269380488631616,0.0014355556577755123,0.00030658130081764347,0.004478761949538661,0.0033238123769939267,0.00044288970019709927,0.0023654745596785667,0.001746975628328158,0.00030678992805776824
2009-12-01,0.002765513361085354,0.0004259192382439813,9.095978377535571e-05,0.003203042493234748,0.0005157992626922039,0.00012002974913609739,0.0019155397315548746,0.0006489425146743181,0.00012127605780867055,0.002685351775264508,0.0013204787113968877,0.00017496490297983644,0.0013181024467510147,0.0011523465581209757,0.00012175827554312015
2010-01-01,0.002838230322941826,0.0004437426546276295,9.576816851842585e-05,0.003401461774615807,0.0005654149913879713,0.00013464117784187953,0.0017747881033404456,0.0007512410389397628,0.0001361457016369893,0.0033009492235817647,0.00203368125564407,0.00021492672952222493,0.0016252303804089238,0.0008516507603838756,0.00013625296545456198
2010-02-01,0.0028353220647796824,0.0004441879595585032,9.58996928350728e-05,0.003432533141459392,0.0005746410758945291,0.00013740902959861808,0.0017179335959875979,0.0007752705050287418,0.00013885336527104316,0.0035922305328632744,0.0023614188378494085,0.00022853349531953458,0.0014812497322879625,0.0009701483270735854,0.00013899351783026685
2010-03-01,0.002571880993684844,0.0003851637377283676,8.010044884828331e-05,0.003066893556287143,0.0004869521258456384,0.00011160996838561206,0.0016327901470868343,0.0006401597902248288,0.00011246706490890924,0.0031620018569877627,0.0018284744972198016,0.00018293885561267604,0.0013442087802045585,0.0008609357210679619,0.0001125614749621998
2010-04-01,0.0033604652398552,0.0005722298662402714,0.00013204312694662537,0.00397035628265843,0.0007147370079919566,0.00018065586557050681,0.0021805025185786093,0.0009251689033917734,0.00018184173162395716,0.0035163390031597765,0.0021356642269631946,0.0002695485165141477,0.0023037914269107024,0.0008292296975819804,0.00018174661438363554
2010-05-01,0.004851841332545207,0.0009828499478899014,0.00026113718871154963,0.005760351064894037,0.0012384992488655346,0.0003597867266112647,0.003079277038740676,0.001613570064991504,0.0003621534688972017,0.004532000427151388,0.0032722748079381954,0.0004993097884217814,0.0034925915531763066,0.0012960044158658666,0.00036187274905999893
2010-06-01,0.00713165729135372,0.0017284692934952815,0.0005309765443916464,0.00847031292525112,0.0021826936096265397,0.0007305211806922393,0.004485260018285671,0.0028430442031944173,0.0007348260917484723,0.005853826609941014,0.004931369990822567,0.0009346702771166665,0.00516985069842532,0.002242112532528458,0.0007342500178758879
2010-07-01,0.006261220327805206,0.0014322413839571162,0.0004193924512826856,0.00761708386713421,0.0018724835865557082,0.000603429131240424,0.003665676498886183,0.002530437673053084,0.0006073249292549429,0.006189690757787471,0.005720849692904196,0.0008514549275684467,0.0031847709034368396,0.003145782624748243,0.0006078102245216445
2010-08-01,0.012025040388998157,0.003704941626499327,0.00138089908670383,0.01418627341217966,0.004640882077728854,0.001869727531093661,0.007626543374444947,0.005968541483419507,0.0018794205193510929,0.007878294653831547,0.00784226912824175,0.002101383078158392,0.010650046825700431,0.003432828591921925,0.001875540622892625
2010-09-01,0.05772790011327815,0.03049894124861089,0.009525055488214126,0.06012185206990705,0.03243837379729148,0.01077084485348706,0.13753758609125155,0.13925669025931975,0.07032493519774442,0.1494560814799895,0.15306983545649355,0.06923559912697372,0.12771883904469572,0.148787898196935,0.07081361014698614
2010-10-01,0.04722801936963044,0.02245231069045064,0.005762122023604006,0.049843802595688005,0.02439080459744943,0.006784340695930409,0.138914122370228,0.15038802371908144,0.07190087932912062,0.1800556620983566,0.1916382848846646,0.06901848801489648,0.12229505925022227,0.16720799931583202,0.07265027967666281
2010-11-01,0.04502385640143217,0.020949572684602038,0.005158094842578331,0.047171084544841174,0.02250054286548957,0.0059673428856207595,0.12017913437085836,0.12247071943183696,0.05502840326284495,0.15392707139256967,0.15541217043859407,0.05278476248167288,0.11624720521389181,0.12719532751021856,0.05520789010260491
2010-12-01,0.03779581474332048,0.01602367158653594,0.003321473483122596,0.03889487453837565,0.016743205454177693,0.0036907725120311954,0.08185190035513695,0.0685383999054414,0.025414044026930583,0.10203772836650837,0.08670126942220024,0.024292456321082727,0.07503523176910554,0.07457831767264465,0.02559632869158605
2011-01-01,0.032462169389448826,0.012686131154616358,0.0022614395577296416,0.03375689742788789,0.013478492720888993,0.0025940837728636898,0.08223054936988522,0.07353851931712332,0.026593175307703686,0.11857057157389767,0.10591566926921303,0.024831397825201586,0.07225268132640729,0.08265195518176954,0.02685751217099154
2011-02-01,0.035147374193750414,0.014413598118778738,0.002822445367406397,0.03610779056595805,0.015020220980186388,0.003127177113576723,0.07317928837032892,0.05926801103107105,0.021449776353994175,0.09305806833276442,0.07720695404537266,0.020375036010053974,0.07738849514863007,0.057345554413401625,0.021392129687565656
2011-03-01,0.034773153011622204,0.0142178003753812,0.002779215757690116,0.035459198221074524,0.014643177119476533,0.003020622468423858,0.06507739461214422,0.04819558599413899,0.016947761610391514,0.07846959465413153,0.06020022599982812,0.016191173558001048,0.06474210963665339,0.049057038984616934,0.01697061508532604
2011-04-01,0.03487168978009952,0.014326590453726126,0.002830800547951062,0.0359293321691326,0.014991608849636441,0.0031577606514874464,0.07392761885929929,0.059889090208593114,0.022989360959952045,0.0935818828867645,0.07750962748917725,0.021846860617047995,0.07393265841127894,0.06067370651497946,0.023015476850452653
2011-05-01,0.038604238905228884,0.01683702002873978,0.0037172101955202023,0.04015716458867249,0.01787208064857349,0.004231502767767362,0.08942051928998901,0.08018623017725784,0.03514945816185704,0.11292804555845243,0.10217487635691558,0.03354810561016973,0.09407601849973357,0.07810993232053756,0.035070486924461124
2011-06-01,0.034098024821298596,0.013943991936641394,0.0027279991530377644,0.03550445073187021,0.014826031669690591,0.0031245780143447834,0.081582671876258,0.07129983242213804,0.029186107127954712,0.10993742427030712,0.09651653144935823,0.027501248132574874,0.07523775247781572,0.07662089814513494,0.02940535701119748
2011-07-01,0.04136937675132184,0.018883722873123676,0.00451481019753138,0.04363216383770876,0.020463279606931204,0.005301871076928634,0.109667562640203,0.11134376254694,0.05478754354405798,0.14461436539496259,0.1446860484295444,0.05212291858393112,0.11907494504867777,0.10614298194224736,0.05455038745740087
2011-08-01,0.054538514849039106,0.02891896246482623,0.009076519481294537,0.05745448998562043,0.031245132195029293,0.01051708481096554,0.1327106542998563,0.14265395293311978,0.08077744547856397,0.14879421779643492,0.1601236056990759,0.07909676734838123,0.16224444480294953,0.12417846935306637,0.07936173106581124
2011-09-01,0.0792062677573917,0.05078678712781894,0.022471543088435016,0.08188175810113524,0.053268700405014066,0.024575434364715917,0.14122772341095952,0.14311364103453844,0.09015964386022773,0.11487213036514299,0.12229854399165757,0.09246048261189627,0.1818675954328658,0.11891264306564259,0.08845166346345784
2011-10-01,0.06757863663214136,0.040186706974259585,0.01548857753646951,0.07018625392414776,0.04246151264835836,0.017203517129561502,0.1300080670661225,0.13266236894300687,0.07756434195978616,0.11800861124202727,0.1248074844833787,0.07832313911265656,0.1170141987343285,0.14375679711678285,0.07802534391636198
2011-11-01,0.07189481835938907,0.04421369414453011,0.01808339781743289,0.0745291617014478,0.04657241025953126,0.019950648454573706,0.13201805152451707,0.13500934889056354,0.08092093694185631,0.1142194023150907,0.12174103201754916,0.0823612973405935,0.13771558068465528,0.13142973465930924,0.08077601689685554
2011-12-01,0.07978504361173383,0.05178239498678638,0.023292365754734878,0.08270027574275218,0.054511212098204725,0.025598956108025105,0.14231621155073843,0.14900404672094697,0.09492210601380946,0.1168400452241885,0.128124673979642,0.09747871690734317,0.15104524232612926,0.14243897001501676,0.09467759363623329
2012-01-01,0.07857777765244506,0.05077614388515961,0.0226372107655181,0.08197433092389456,0.05395508500340726,0.025253265361802644,0.1500023808034901,0.1640599166394192,0.10744067111542155,0.13092222070787157,0.1480324293854826,0.10953004695932561,0.1472578273733376,0.16721148391116392,0.10751443554466494
2012-02-01,0.07464107279905376,0.04718570386551547,0.02022262543069059,0.07770636679781574,0.049983132629200955,0.02247655080157984,0.13900939361182507,0.14696141425595743,0.0941543671552495,0.12280192524298139,0.1337547095436079,0.0957897878431796,0.1342501194014435,0.15228266867778367,0.09427807617837192
2012-03-01,0.06362753608925745,0.03730950878954605,0.01398709065792367,0.06628564434439349,0.039573814554045454,0.01564068238610459,0.12147338847711142,0.12422632234006126,0.07419701095174766,0.11629055065202104,0.12104944611906665,0.07450559689537088,0.11080545478803788,0.1361659646822207,0.07444433777553976
2012-04-01,0.07333093787557993,0.0461490786574599,0.01970281130278256,0.07662775941204951,0.04914536972031258,0.022080999539842504,0.13976010300720365,0.15116087246751453,0.09945013578119699,0.1279499563456475,0.14162133280591138,0.10078578807066585,0.15045288898377268,0.14276163454984325,0.09920844839945969
2012-05-01,0.09410708803302259,0.06660407728431915,0.0351472197162828,0.09760499139275958,0.07010018622384759,0.03842210180229127,0.15729754629832776,0.16969233426211783,0.12295169145058266,0.11973101875991188,0.13676122098443244,0.1280588637696849,0.18352584320704024,0.1484589628009758,0.12226533594596822
2012-06-01,0.09045045996519219,0.06294638863000021,0.03232037141966237,0.09380996252786661,0.06625062425408176,0.03535951081981719,0.15084624695266302,0.1609230852950908,0.11514052881766262,0.11708624227557651,0.13179204848301962,0.11967263149756546,0.14725232342277006,0.16565051467434017,0.11522714952868962
2012-07-01,0.09794445653153444,0.07073588848800576,0.03884852944094151,0.10172357260524373,0.07457656656452219,0.04252089942727396,0.16244504276182298,0.1778117544987713,0.13333518233787867,0.1225622969326633,0.14241779626014928,0.13932925519420658,0.1709850521430502,0.1711564253818007,0.1330828685090451
2012-08-01,0.09222084386088414,0.06493770730166815,0.03413569897223773,0.09606924406709427,0.06876878488999257,0.03766473680015531,0.15792802147672497,0.17413956263478791,0.1284045754827563,0.1255911495682271,0.145568666483467,0.133315390766782,0.15306495961234878,0.1801551990484263,0.12875032832901662
2012-09-01,0.08545625769213022,0.05825225128443609,0.028881595874300902,0.0892627959098613,0.06193697047191237,0.032120481102573185,0.15078086502927202,0.16655801525012154,0.11979207647200552,0.12684374955829425,0.14563569825727035,0.12328039211152303,0.1450209942159113,0.17320202108872457,0.1205214591081401
2012-10-01,0.08491159439451751,0.05781732146478057,0.028613478593670645,0.08843823913743648,0.0612114051973985,0.031612228883143016,0.14417581615550468,0.15523027407161805,0.11027478514885258,0.11892165776082808,0.13349760404008176,0.11372840878372242,0.14393438718989443,0.15638609961969097,0.11034665604920607
2012-11-01,0.08698951245189601,0.059959045742785044,0.03035791097314524,0.09080632811518219,0.06367722613314565,0.03367247479965928,0.14915926554569353,0.16399337699844602,0.11919116812938813,0.12361220304665654,0.14161668067430516,0.12283075510022257,0.1518127816104518,0.16257749256711573,0.11899733111776728
2012-12-01,0.07787522844953182,0.051107189276608206,0.023745509509474353,0.08124858942524332,0.054244552528530623,0.026380651158490007,0.13339234708589348,0.1421624787080915,0.09774358645250403,0.11500533485379105,0.12688972166253193,0.10004605701519353,0.1273866703892848,0.14958214589396407,0.09844663187737257
2013-01-01,0.06776154548754826,0.04174320670722314,0.0173551652560783,0.07080246349396604,0.04441188819742647,0.019413922499088288,0.11876364192806932,0.12331529632927257,0.07946662669804161,0.11103184522821424,0.11792703315447589,0.080322087198329,0.10957323911229488,0.1343086731972829,0.08038071223934479
2013-02-01,0.07134363258882431,0.04508406205416189,0.019638886647458244,0.07478171623470226,0.048179357815125425,0.02208546734356586,0.12674319856696958,0.1360900596486544,0.09142026648098417,0.11884412672170735,0.13037924684435914,0.09243632130764451,0.12941842841795825,0.13469422894747024,0.09125465359793283
2013-03-01,0.07040262883330427,0.04428096957278008,0.019159829012071236,0.07376609198572859,0.04729055653182859,0.021526666260276103,0.12359403979237799,0.13131454239636176,0.08782318895919483,0.11559584642002119,0.12566158238173464,0.08882222593590111,0.12410731875981301,0.13201624691565422,0.0878336309127008
2013-04-01,0.07892382909973533,0.052372815693413455,0.024941606179776938,0.08244407395963482,0.05566862079369452,0.02773556413122889,0.1316971079464147,0.14028432545131786,0.09790411513097191,0.11296639026405852,0.12498123179297144,0.10016861721566012,0.14205324271790143,0.13207862642930446,0.097122470374785
2013-05-01,0.061063848227171605,0.03603385155585687,0.013939610757267603,0.06363563042541533,0.03818289800482151,0.015518693218439517,0.10167665404605525,0.0991336799681729,0.05994747099677078,0.09708744756414972,0.09715297558121455,0.06025007472719302,0.08763890833693289,0.11425385045096303,0.061583050980567954
2013-06-01,0.05234235586031465,0.028758731115144556,0.009786422616987844,0.05416922173569222,0.03016031056910948,0.010757065672279607,0.08226636837860402,0.07230078715216656,0.038714832916442156,0.08036782874697945,0.07272850678745853,0.0386468992330563,0.07530603029862995,0.07905038845798373,0.03936193743760852
2013-07-01,0.04724546093428905,0.024766838217240825,0.0077294584824586406,0.04916812673797161,0.02618716566132214,0.008624951721950581,0.07837323969774644,0.06993627714908918,0.03620211531985544,0.0843423305939438,0.076543001778562,0.03567111783766742,0.07324607092420066,0.07494873205057853,0.036748906071406066
2013-08-01,0.044978083288311446,0.0230693266348789,0.00691560159733624,0.04636678480695063,0.024048531869671104,0.007553316056912384,0.06822242815944084,0.055030278176959095,0.02622373534684326,0.0697449756738842,0.05791939936434107,0.02594000617817387,0.06650135777314595,0.05679615546484802,0.026401261681618354
2013-09-01,0.044868641010622316,0.023027865436554787,0.006910080179367686,0.04672518110322062,0.02436680355709632,0.007725658016648609,0.07424380847263962,0.06479862045364353,0.03240683267700793,0.0820176534871237,0.07275940386128035,0.03181112447558039,0.07294194967238493,0.06649420936423482,0.03256097190543379
2013-10-01,0.04679931599109625,0.024543530968382708,0.0076656079237246,0.04883336584091018,0.02604544849977108,0.008598471640106124,0.07798254577157575,0.06960151784662562,0.03595567363313899,0.08542693032189042,0.07760942078112211,0.035362844716879845,0.07910649190275093,0.06951124203679349,0.035950073399176476
2013-11-01,0.040734436064551294,0.020009901648508913,0.005547114313395489,0.04271126102893615,0.02138672375927338,0.006311895236952324,0.07148476315584947,0.06331951898638437,0.030691136383936963,0.08752563542025998,0.07807115681772461,0.029763028651724147,0.06484510993989787,0.06952379607621688,0.031224364802206486
2013-12-01,0.036866425727228355,0.01728869040007375,0.004398342505324165,0.038169106227204465,0.01813173232706099,0.004867174964586347,0.058068315028859195,0.04493748349159538,0.01905098590408882,0.06813489751361856,0.05398184554502798,0.018497563717142913,0.055129787617004315,0.0474182298771759,0.01923520414291705
2014-01-01,0.04635835669347217,0.02436007531719781,0.007604897376105571,0.04796677657439331,0.025523443631801822,0.00835751268897074,0.07056279053189174,0.05834478013267446,0.028201228936372738,0.0719416409668786,0.06136749693771942,0.027915100720624392,0.08037648793562224,0.05248601889272455,0.02779314157462646
2014-02-01,0.04746517712814397,0.025275462099612348,0.00807195322827863,0.049083140009590444,0.02646433346713606,0.008852600257157981,0.07133940568334551,0.059273332732339507,0.028742485835821164,0.07145200401187869,0.061400457050865845,0.02850620519597525,0.07150786439444365,0.05961673734120584,0.028779772871279523
2014-03-01,0.04919154213066768,0.026696533793710817,0.008809588317886578,0.05026054044521357,0.027457738799626246,0.009386486742284126,0.06602615167071615,0.04993367345028114,0.02317622627405,0.05845099496559851,0.046419836364510206,0.02326650432450354,0.06765896328277786,0.04920822581866852,0.02314247174333998
2014-04-01,0.051297430595971534,0.02845832446514018,0.009748832041731069,0.05235917620522938,0.029223583845980637,0.010351250711169232,0.06772456427156713,0.051372152426399066,0.024224036497182865,0.05765398975958996,0.046047137612798376,0.024422815859441796,0.06910285495041876,0.05075118182076721,0.024196004834984637
2014-05-01,0.05650347913123831,0.03286224977971279,0.01223609956443787,0.05786796247898527,0.03391188855698594,0.013064981572712358,0.07591922100323324,0.06105280487740763,0.03100755630076823,0.06302539172021727,0.053337516034261734,0.03138961976712318,0.0790977447740765,0.05925860105534154,0.030894030289043962
2014-06-01,0.056602005420305024,0.03303462910003754,0.01235348525676161,0.05768395540227131,0.0338422865992142,0.01303994734774412,0.0726656347030353,0.056035745326652814,0.027843737679758573,0.05754998141188176,0.04693095410912836,0.02831287977190483,0.0723055471903628,0.056480600728851124,0.027887047899706988
2014-07-01,0.057739170157804325,0.03408032458175394,0.013001913269219118,0.05838252613499577,0.03451506987688326,0.013475340951197016,0.06894538912600554,0.04986861137098846,0.024183876321203248,0.049987793080904445,0.03857912081349739,0.0248098465198798,0.06957248282554054,0.04963208942195106,0.02418316132207575
2014-08-01,0.06630238396244073,0.0417237123372774,0.017859077748042896,0.06706633991915704,0.04228492660997485,0.018480878141551835,0.07836705975611624,0.05940932055340633,0.031449255398317055,0.05241301485249381,0.042706703227567096,0.032576957385807855,0.08419962527762265,0.05593303439216563,0.0312492749367375
2014-09-01,0.061835589776586146,0.03780462665710316,0.015361440319273103,0.06224836276094407,0.03804203362813162,0.01574049198383752,0.07036655215600868,0.05000404115397648,0.02483474351207661,0.046680855131962004,0.03568493311732791,0.02573156635977694,0.06656163062940124,0.05257482397698574,0.024986377077154308
2014-10-01,0.06679108071480647,0.04233046047661048,0.018349801815150335,0.06748214022811264,0.04282449070135435,0.018929362950820525,0.07787131068692657,0.05860954501759563,0.031017947877912882,0.05096680268493261,0.04133104998392191,0.032223807273277276,0.08043486050910043,0.05711624309571331,0.030942796625394824
2014-11-01,0.07492231108012132,0.04999592976158585,0.023778884739692432,0.07579501618329346,0.05067956679978866,0.024552143562775415,0.08742905440948939,0.06895425112594822,0.03929782373791479,0.05428350271207405,0.04642188317893302,0.041099576130885856,0.09204964509963526,0.06603003106539858,0.03914229469441638
2014-12-01,0.08642536891512881,0.06134274688894261,0.03258100209150235,0.08630530014872712,0.06106308352526592,0.032648068042229715,0.08906926338848825,0.06534407528929675,0.03826053001609075,0.044365531601249446,0.0360449088584266,0.04090483812879089,0.09611996836519887,0.061014744017098055,0.03803379326473651
2015-01-01,0.10712668013298582,0.08306921863417505,0.05153095813375936,0.10782060793985332,0.08364265261310394,0.05236255983870254,0.11630769320468537,0.09770206659338637,0.06665352133442062,0.05522926014822001,0.0521439915210518,0.07158109177257936,0.13154326857179421,0.08758132314675454,0.06593015936081209
2015-02-01,0.09096890032076499,0.0661256598133669,0.036662504992093815,0.09106390782492813,0.06605436800371163,0.03689985712091632,0.09528862248160047,0.07271836039198266,0.0444078160778756,0.046740431995504914,0.03969377037457806,0.04756203970330836,0.08490101181544596,0.08046427380771726,0.0448945068343358
2015-03-01,0.09397789537544321,0.06932876554447345,0.039448802026396126,0.09455929793818141,0.06976028972214084,0.040116841788389465,0.10261831113279585,0.0828327563891475,0.05269311171928897,0.0524898322095869,0.04711035477271282,0.05619511758344661,0.1023054656369129,0.08311911803147448,0.052728400573294976
2015-04-01,0.08159734124924112,0.056895386550487176,0.029329817505946185,0.0820940081389756,0.05722509549584376,0.029867548089217114,0.08986003392597797,0.06948611588188935,0.04089722085950443,0.048968837453429025,0.041770322893814125,0.04333010521896842,0.08330063825913853,0.07454244937341917,0.041218676979636874
2015-05-01,0.07667456917919965,0.05216281480410445,0.025769335078682377,0.07736095912008276,0.05267037905504957,0.026418961607031635,0.08684316389929436,0.0675558039056563,0.03890181579448615,0.05092344104081288,0.043342115085059585,0.040899639881581795,0.0815136868191298,0.07167807942613501,0.03916759802918066
2015-06-01,0.06735844596876951,0.04342893202704717,0.019544637317352717,0.06795060792021324,0.04383182003939017,0.02006155013378894,0.07684566866980728,0.057403974449067974,0.030690458224703027,0.04862152312589873,0.039377059623084854,0.03199012667973891,0.06981424296262685,0.06282960227156861,0.031000795334294076
2015-07-01,0.07810069942358285,0.053641880368146544,0.0270557866033462,0.07868325806964449,0.05405207873618486,0.027636701681350045,0.08710253417847152,0.06733668060216269,0.039077997359250716,0.04995428987466704,0.04232401579166982,0.041119286936445676,0.09287549125799593,0.06343691500704413,0.03885451570129925
2015-08-01,0.07931652582969012,0.054873962535161254,0.02807254410841501,0.0798579422541918,0.05524682395817778,0.02862898407255478,0.08782433461483036,0.06789348653728884,0.03969571277895222,0.04985902788358564,0.04227404275272771,0.04176208547918361,0.08659064739348449,0.06890707275006464,0.03977717138697828
2015-09-01,0.07937776686471565,0.0549679562067572,0.02822312726416262,0.08018874651725139,0.055605158190860766,0.02898577741095936,0.09030802740805721,0.07191343645342732,0.04274259065763616,0.051986938338290094,0.045357648004905195,0.04488636019358007,0.0916357292309366,0.07115547376327078,0.04270735696634616
2015-10-01,0.08018454914187634,0.0558156871835112,0.02894480811055005,0.08072040075414716,0.05618415725874605,0.029500108885079653,0.08846654365239798,0.06857236501556169,0.0404626207975251,0.049267578403189606,0.04195224436040377,0.04256019835032937,0.08654509037665015,0.07005254913284953,0.04057401407601908
2015-11-01,0.08593921900596646,0.06160807978557923,0.0336324400770049,0.08622840765561035,0.0617351742410873,0.034012158806353006,0.09174862678405671,0.07057724901327928,0.04275835212385474,0.048525114506509044,0.04121182315948269,0.04509042386026332,0.09087740072533268,0.07123734270049319,0.04282553417194071
2015-12-01,0.08723668910827065,0.06299846100076467,0.03480004625562023,0.08712785681631702,0.06272247251420755,0.03484826995626676,0.08946314628334107,0.06638456188370057,0.03984819451093445,0.04460236127717668,0.03673236145069571,0.0421081312686474,0.08859490018986099,0.06694903316105237,0.03991796701099505
2016-01-01,0.09728015440108367,0.07343969141211183,0.04376319420319521,0.09874410113070808,0.07480882774721288,0.045263351884751,0.11315488445550875,0.09976783633008823,0.06768737001162875,0.0636261193217365,0.06187807486438292,0.0705839910313915,0.11766026294467324,0.09665050744796827,0.06737140908885761
2016-02-01,0.10945672808395146,0.08657867025978322,0.055874714627331575,0.11115427621984353,0.08825702361734578,0.05774880561301786,0.12676165011973473,0.11600057412196357,0.08381956810909419,0.06736515724796044,0.06870912918703777,0.08749136958627968,0.13374114460762848,0.11098268054730254,0.08333103504217859
2016-03-01,0.10430459746609605,0.08106273452564328,0.05073358865925268,0.1057932068187235,0.08248963753035676,0.05233503770221479,0.11991583667176325,0.1071772171233894,0.07529883420042224,0.06330165265619975,0.06303604775175913,0.07839567006231857,0.11890459105666995,0.10815143206351752,0.07540838025146178
2016-04-01,0.10133689084444697,0.07796126946627517,0.04794006547012057,0.1026218560418285,0.07915921690576072,0.04931101065636599,0.11511223452307956,0.1008499216697829,0.06948168710210231,0.06037104688113735,0.05893178000295912,0.07221099784297273,0.11303131558941432,0.10259887735750955,0.069646008579704
2016-05-01,0.10933221700250839,0.08669348096198282,0.05613898124097424,0.11044091749328644,0.08772485705353733,0.057395682728730274,0.1210205396441914,0.1062612560924418,0.07550525163219951,0.05994491965307252,0.059146569251082116,0.07856040624248449,0.122711895309006,0.10507515015345076,0.07542543201166056
2016-06-01,0.1202249965730589,0.09888077423349806,0.0681645298522729,0.12223273185577677,0.10096437366811462,0.07051250036693375,0.13921056522899733,0.13242361445683098,0.10091117951174494,0.0685534671586644,0.07393696031960906,0.1048673142579814,0.15056432612080833,0.12389066369953172,0.10024978732871237
2016-07-01,0.1293640797039033,0.109367211241087,0.07901137763971294,0.1309110072384852,0.11096574924219976,0.08090565062867794,0.1436242606358038,0.13428161809097333,0.10457987731187812,0.06385400398577801,0.06865686629342252,0.10897257235612828,0.1497610411278007,0.12959375388297123,0.10419318679005901
2016-08-01,0.1302019751870439,0.110395425732845,0.08020436180801638,0.131201725354609,0.11136644484221003,0.08144347060282497,0.1396554885116459,0.12637770232561318,0.09756285300463119,0.05911835610780959,0.06167464028985543,0.10165778798712222,0.13781355724574046,0.12790968729561975,0.09769724127054824
2016-09-01,0.12163596826960915,0.10067741145788511,0.07027840541505063,0.12294753964153748,0.10197929073968665,0.07184492616589619,0.13405673906768428,0.12214577289865286,0.0923068242877415,0.060760041580656635,0.06322019394591077,0.0956833083786513,0.1293412645442779,0.12621008000011558,0.09263589976863901
2016-10-01,0.10821124743650629,0.08580585199601587,0.05573433696378458,0.10934921730361719,0.08687041189766831,0.05701938660979637,0.11969912154226653,0.10535827015732852,0.07518269365947032,0.05824919133252012,0.057776305628380834,0.07754617101244254,0.11025082328207753,0.11351109488975669,0.07577255223781587
2016-11-01,0.09122337340073966,0.06775647842583518,0.03939990135101937,0.09146843499660207,0.067838011509997,0.03974347930179294,0.09580717888001605,0.07505493391923651,0.04764136713422906,0.04844992963097425,0.04225087908311347,0.04894191631494892,0.08297103383967402,0.08552453791085951,0.04829537083339694
2016-12-01,0.09084236740460189,0.06740423892105582,0.03916554548935177,0.09087482444319617,0.06726530625586427,0.039320836976227236,0.09365135429797722,0.07177794735782105,0.045142601024199806,0.04630404972629839,0.03952639088078382,0.046305917222361326,0.09162472699258573,0.07329973892364297,0.045248897601830144
2017-01-01,0.09154069092757922,0.0681613866108528,0.03988009884618051,0.09172884157324684,0.06818288490309238,0.04017260695088905,0.09555191682720282,0.0745125801142559,0.04742040885701691,0.048045571662136834,0.04161431109783103,0.0484600721772957,0.09421082490999177,0.07556404629074115,0.0475049706312026
2017-02-01,0.09707636067060943,0.07398500231853743,0.04507220138295159,0.09697771599575289,0.0737022256388542,0.04509206333367946,0.09856412246918178,0.07614556910978051,0.049417625386573114,0.045554819985658204,0.039346805760777925,0.05039609652152836,0.10148916308447709,0.07410161642960482,0.04928265681425507
2017-03-01,0.10384850515650645,0.08125359559668005,0.05179824761214775,0.10457101786421685,0.0818552258429317,0.052628527813037104,0.11173582504913221,0.09428694508222624,0.06539185119629339,0.057497558673399306,0.05372822800855616,0.06626491108641931,0.10729059895460952,0.09785544751629449,0.06569052975585167
2017-04-01,0.10965418691367596,0.0876209527138001,0.05790642604202635,0.1106500823177669,0.08853453934875444,0.05904825796531089,0.11952802978160754,0.10424743440970718,0.07494123637382198,0.06108808112545068,0.05911362002500871,0.07570182012627705,0.12187791520936314,0.10261857997684837,0.07482446188959294
2017-05-01,0.12117269918745971,0.10054996535816169,0.07077024071632547,0.12280582074756513,0.10221830909977037,0.07270607254700298,0.13579279032079544,0.12617181182239606,0.09668248186287626,0.07072497089598853,0.07304448755902775,0.09727011416679943,0.13805185407992243,0.12461014551257843,0.09655172214002339
2017-06-01,0.12515746223771007,0.10516641124959192,0.07552103585893641,0.12604584899402588,0.10599988046497444,0.0766017381066118,0.13336965209717766,0.11897105935948776,0.09061733493459856,0.06285034574732284,0.06293693304043213,0.09072638592570076,0.13537045683420845,0.11754704134450483,0.09048089619153565
2017-07-01,0.12285875717313915,0.10262585204854258,0.07288868549186826,0.12447024837516968,0.10428133397779166,0.07481044426032732,0.13704794607364618,0.12768204869663674,0.09816374852531579,0.07121604765966745,0.07381827861016658,0.0977019106213543,0.13278035836454088,0.1311381124661094,0.09861803089169585
2017-08-01,0.13287343610028274,0.11425857078764201,0.08508077591585461,0.1344972404648866,0.1159785808564534,0.08710131563263457,0.14657855073309833,0.13876848102377298,0.11040006033840688,0.07079783026550791,0.07551095566914925,0.10916518431917682,0.15508115947769974,0.13250240601869917,0.10962671065843321
2017-09-01,0.12837064719755353,0.10912114217578733,0.07965675451443,0.12927266368150847,0.10998539759787035,0.08076063404007783,0.13637184399122787,0.12276699112144995,0.09456396108668608,0.06331611407783672,0.06425073332801813,0.09294584869510142,0.13195598328511698,0.12613959780144024,0.09496198984221599
2017-10-01,0.13325973466247604,0.1148767673706369,0.08582137192677114,0.13379026764037855,0.11532043755295612,0.08647201494181328,0.13804775190473756,0.12256380943550615,0.09528604856330497,0.06070327280668952,0.06108354505953411,0.09317317611579051,0.13836756283018864,0.12228854643148396,0.09528263280734683
2017-11-01,0.14782105083599667,0.13221387456672606,0.10500453820016253,0.14777914823745775,0.1319916422205072,0.10486438664037812,0.14750169926969936,0.1301239275751624,0.10510431909605678,0.05843495231247028,0.05911650493941808,0.10226366383046126,0.15109719439835795,0.12730688594888445,0.10491644977992909
2017-12-01,0.16354151211916163,0.15142684230903303,0.1273002658801814,0.16317403629585303,0.1508116233765766,0.12659371687474885,0.16001656776787399,0.14279445749244568,0.12037268402259788,0.05853521763186222,0.06055454592528054,0.11660286181969037,0.1649365870177305,0.13891217551233465,0.12011281692350456
2018-01-01,0.15722541143865776,0.14376941305947455,0.11848966553950252,0.1558057268084831,0.14186861999988587,0.11635546019300674,0.14624511441565213,0.12176238480228108,0.09884765594718348,0.05054075030218683,0.048542729595795385,0.09529685055052506,0.13837140655550761,0.12720513872634387,0.0992362420565378
2018-02-01,0.15410264962369247,0.14006094226361981,0.114348863613421,0.1529274051311756,0.1384602402787386,0.11259398875862853,0.14503908003381555,0.12168171735151123,0.09840097502805434,0.05361291017037965,0.05142868560147773,0.09479573895711413,0.13678520362942082,0.12765544439323873,0.09883550161141264
2018-03-01,0.17207214440261837,0.1623909785537972,0.14081601716774156,0.17109675839969113,0.16100727093527112,0.1391136980671408,0.16357704783031296,0.14404377316834244,0.12352442990850115,0.05806803940836378,0.05912295342210659,0.11848334149700313,0.17039392472241416,0.1386348642127026,0.12319310634449271
2018-04-01,0.1706671709966584,0.16077756585258773,0.13899975838446194,0.16873725514172783,0.15819424372319973,0.13588690378732154,0.15522177046354202,0.12994997709070588,0.10930051983394129,0.05135170241821865,0.04963057086339623,0.1040755340838318,0.1505990291830404,0.13292408650564191,0.10953197645524804
2018-05-01,0.1806410029186608,0.1734323589627872,0.15455890378523846,0.1794433272517072,0.17174721679582905,0.15238746348062387,0.16996934327126645,0.15062759737981507,0.1320069542131609,0.058528663031552505,0.06006588895193691,0.1253143215052736,0.1725496096767094,0.14832998257070235,0.13186502319959542
2018-06-01,0.18670787503576786,0.18127401678125782,0.1644841429796789,0.18486137172127787,0.17874899611393102,0.16118763143988346,0.1708656129208409,0.14860124110481326,0.13123348296939197,0.054151507112584284,0.054804060849721434,0.1233765311346155,0.17303600650487516,0.14648012083869427,0.131103113190486
2018-07-01,0.18812580802582618,0.18323170899551233,0.16713116464826194,0.18620972419232573,0.1806096505448785,0.16366994270559831,0.17156533263868784,0.14920133207117325,0.13238495295235142,0.055001645705650005,0.05550682282486331,0.12385226183190245,0.16663146614904933,0.1524166581735546,0.13263097309196842
2018-08-01,0.19595778645569328,0.19350303763389692,0.18026586779069692,0.19469610991490427,0.19170675833902934,0.1777159618435022,0.18372298891799543,0.16692620002288766,0.152458420592609,0.06102789321435427,0.06459903531668962,0.1420856735174414,0.18559392659239426,0.1650633989444975,0.15232284946161967
2018-09-01,0.19167062110865118,0.18813917917668804,0.17371712193733307,0.1900321027358352,0.1858556123612074,0.170595866877353,0.17672820142516038,0.15687245341768702,0.14148050328582196,0.058771576256551765,0.060366029564318406,0.13105434125301169,0.16935367446985217,0.1620934521179908,0.141911769342838
2018-10-01,0.18368849794302428,0.17805749174451974,0.16126227812478228,0.18292767203658533,0.17690677697862645,0.1596452939361389,0.1757368670494142,0.16017993670213182,0.1434375360459586,0.06661705651325195,0.06941783625755026,0.13330144838284147,0.16530623182468224,0.16796108454926617,0.1440652361507529
2018-11-01,0.19350919805259853,0.1908667520824257,0.17763702922405594,0.19367265302467912,0.19090652486709753,0.17739722761964904,0.19214211443901175,0.1849918066174127,0.17148357706347261,0.07631780049208416,0.08420971325004095,0.15909744509527507,0.19554413458692804,0.18202773328753546,0.17124426200269377
2018-12-01,0.21462255741906572,0.2186452527040243,0.21386841796992045,0.2171645469632924,0.2218501789304247,0.21754160164723846,0.23118392712754793,0.24782039081898122,0.24407616334945065,0.10228313140010925,0.12625862321111092,0.22742803183319227,0.24292489353033658,0.238209306123428,0.24306712467389924
2019-01-01,0.2127965074015949,0.21636173825510474,0.2111545908865492,0.21550281056099274,0.21978458056703798,0.2151213591757622,0.23087829227192053,0.2487195303517078,0.2447577384707249,0.10238882537224742,0.12699338563960416,0.22691498753058525,0.2343345694160906,0.24594438417074133,0.24451155747026615
2019-02-01,0.20537572592306352,0.2067397477566687,0.19887455683130223,0.2078456916751909,0.20982464882761898,0.20244156092587695,0.22194984640218673,0.23623398565480647,0.22949277057599327,0.0995835508584007,0.12129007754257742,0.21184138762939192,0.21800770326192165,0.23949612713843776,0.22969430113437223
2019-03-01,0.22180774955152321,0.2287451144258727,0.22819749420434732,0.22568007041940286,0.23378922052996792,0.23426063908613776,0.2489002074048205,0.28056524190781884,0.28258885504200915,0.11349262052585407,0.147936446852867,0.2603310461786299,0.26509075374157587,0.26736334683935176,0.2814423912754789
2019-04-01,0.2100241515020313,0.21339732734840317,0.2080445853141391,0.21396918627685435,0.21851127474569665,0.21425260962145487,0.23845117788402265,0.2688950717590057,0.26663037701021863,0.11453617263999127,0.1476714732969257,0.24540573023189594,0.23295408803035755,0.2736683996367988,0.2669503299501975
2019-05-01,0.22735078101324158,0.23672180291790423,0.23939259280386527,0.23275613572858778,0.24391287223456853,0.24833002757145944,0.26666723366740697,0.31640681609109256,0.3246094399343685,0.128165015671318,0.17594880878787672,0.2979179892682841,0.2877746695393519,0.29943409291484796,0.3231541498994549
2019-06-01,0.2114149856985883,0.21565893554144872,0.21156678638136278,0.21695857324196766,0.22295148899498113,0.2206999198424645,0.25277372260292097,0.30086153564536977,0.30368457637414054,0.1248994341284555,0.17052109334619214,0.2775501408188679,0.2572531977681203,0.2972288858150952,0.30331243350268233
2019-07-01,0.2133070660596283,0.21833148822839465,0.21542389629891479,0.21748895341037078,0.22383285156775917,0.22221142916581366,0.24277679849512923,0.2779252248540553,0.2801300114854204,0.1058302185893839,0.1408101182520951,0.25060932141978404,0.2503746330452819,0.2713920713506933,0.2796332222679677
2019-08-01,0.24819676094374954,0.26573558623322696,0.28008955118978085,0.2543382034427508,0.2741348169309774,0.2907124789852663,0.29067401058445363,0.35546698451125947,0.37914431737361276,0.12286311735427818,0.1796562059084384,0.33821895369658395,0.3223524037249642,0.32677926929485385,0.37679887502272263
2019-09-01,0.22822641176530833,0.2387804200044083,0.243599953565308,0.23260494566567802,0.2446929899109268,0.25096419396029723,0.2574214363729408,0.2997706561290343,0.31149423828031003,0.10074824292986895,0.13934476061739642,0.27198029240328603,0.2548483399843994,0.30251828473796316,0.311603020192606
2019-10-01,0.2007273042850089,0.20219425358638943,0.194871079481381,0.20395500845027154,0.20641535142604173,0.20007627228064906,0.22232501469471644,0.24654072401674743,0.24471721029754162,0.08299701876730631,0.10818176589795803,0.20967856485036712,0.22205917993495072,0.24684244199349675,0.24471467470263086
2019-11-01,0.20060230663635464,0.20230475128078024,0.19533364178582596,0.2032795067648111,0.2058050469786889,0.19963298403903168,0.21766661291508943,0.23696988140532127,0.23497161335477706,0.0776044856317822,0.09920431063135426,0.1983976984165699,0.2177770757808229,0.23675074594438966,0.23495177813774248
2019-12-01,0.17976377023753365,0.1751448933115684,0.16017521470852608,0.18224380808217128,0.1782818631215602,0.16404744768670204,0.19627755141288622,0.20870941396808856,0.19887447483133652,0.07463745499052582,0.09139090754526713,0.16718445725131953,0.18901542651023429,0.21721611884159087,0.19945165512563107
2020-01-01,0.20735128548826248,0.21163469814370278,0.20807893431012875,0.2115120975172225,0.2171693317568067,0.21510120813491163,0.23473482835735876,0.2702594798765384,0.2766630651898102,0.08965792311577109,0.1209368483140188,0.23218142804494546,0.2529339351578002,0.24924073777322464,0.27479240737774846
2020-02-01,0.2051193186542586,0.20865292144326258,0.20409507766235135,0.21063104687790718,0.21598565915007667,0.21351819521565651,0.24290608567337085,0.2917541114974607,0.30164855242208033,0.098169411722341,0.13852181801125263,0.25584157038664246,0.2562414235388888,0.27617418446992104,0.30022192286470817
2020-03-01,0.15205124553288946,0.1398705100465501,0.11668464996633998,0.15474479634145671,0.14310322604334796,0.12061517714413267,0.1713799196715186,0.17951524453366874,0.1611559990895578,0.05353427978216906,0.06616071672582931,0.12876740211104515,0.18534348288371227,0.16433390855634955,0.15992369194054706
2020-04-01,0.15729458130620583,0.14644880331046922,0.12458363462039324,0.16000362663952644,0.14973708936108976,0.12860613705926155,0.1764742383175415,0.1858619663926258,0.16914885072070124,0.0532362568420469,0.06656914886196635,0.13450295608358948,0.18042499039950333,0.18149932401826696,0.16878188882077094
2020-05-01,0.14860121558434447,0.13566482564270743,0.11173158678910361,0.1521822969517046,0.1399927115620228,0.11693501710741921,0.17435034134622673,0.19082950151853267,0.17226352247740973,0.062411649889164235,0.079594457634035,0.1391150899092164,0.16847306231228115,0.1986660687724175,0.17341589233856497
2020-06-01,0.15244722275058087,0.13900986339004878,0.1154174509767189,0.15619613477659,0.14351835656165773,0.12082052651175901,0.18193601372073614,0.1997399359100141,0.18077312360385922,0.08301505532399961,0.10358456903346203,0.1634321501047612,0.1825104947914175,0.1995125914390795,0.18068544922252316
2020-07-01,0.1633330921967438,0.1526391950917083,0.13175485674864995,0.16680475520679683,0.15689089945482781,0.1369345749135113,0.1896263302265196,0.20653486587040698,0.1907767080952119,0.07811249189931953,0.09770653888360814,0.16835847874767962,0.19967424151524876,0.19690998817225913,0.18897038433282404
2020-08-01,0.14227195296428857,0.12648787698495084,0.10099655212015368,0.14600461346502502,0.1308782897472182,0.10615857620738273,0.17164281319316127,0.1865914090619183,0.16425690848395996,0.08160437143357546,0.0992331848740976,0.14498301561151478,0.1600915049296031,0.1998523649068576,0.16822581334556652
2020-09-01,0.14408682959678204,0.12876570350039146,0.1035593922473041,0.14776292011511327,0.13310540913398516,0.10867142843931105,0.1724467950924406,0.18727888873509824,0.16502146878393226,0.08014041003131417,0.09751945435333437,0.14323397742628458,0.1747873475035836,0.1852777006952902,0.16430434198752458
2020-10-01,0.12902976640423697,0.11070727034208505,0.0834169350560175,0.13251963331832506,0.11467079209686382,0.08792967123631507,0.15636375700415733,0.1667713209980516,0.14030044518358192,0.07827998975724071,0.09227498564438852,0.12208064658266254,0.14903637202111136,0.17599177650577785,0.14269947754808315
2020-11-01,0.13301851865838754,0.11549714329532601,0.08863956562427006,0.13637766070346624,0.11934829301782118,0.09307245688161603,0.1586917036827873,0.16843615941383216,0.14311273910330446,0.07579936826183498,0.0892797167181189,0.12232877468226766,0.16224968619385505,0.16519457864816933,0.14207829607772504
2020-12-01,0.1262073499200308,0.10745991208196926,0.07991049676408168,0.1297067760660962,0.11141501424826189,0.08437630193499679,0.1529654816571971,0.16291705011241742,0.13621298408228572,0.07755968717449756,0.09094452725347929,0.1170373256840373,0.14960384903515073,0.1672083033408036,0.13720302096993237
2021-01-01,0.10985134656282736,0.08861931995553535,0.06042887882248575,0.11325111080425554,0.09228291073513012,0.06434464977287847,0.13632308721303826,0.14292152374411055,0.11272878696746308,0.07740780686166135,0.08798564447207091,0.09844773035978321,0.12797940092717291,0.15314508267056298,0.11571323262361682
2021-02-01,0.08875584037590944,0.06566053557979636,0.03888708428359037,0.09138895424219512,0.06825105365005864,0.04143767963828922,0.10992036972634844,0.10700475013027366,0.07514008371540336,0.06874230602464666,0.071664688910473,0.06692335701752894,0.09972672779289932,0.11847081247675223,0.07895892723789788
2021-03-01,0.07530270157888157,0.05197290849591591,0.0274513632970512,0.07752248368019111,0.05400123915715048,0.02931135972331801,0.09349852413878912,0.08620563578308221,0.055392005303738986,0.063969554264954,0.06274538525688833,0.05062052582030168,0.08640568183444963,0.09390067015206927,0.05803347322843777
2021-04-01,0.08033886529352646,0.057041908629704347,0.03155471625648839,0.08255282963517929,0.05911317539738289,0.03352589777580167,0.09797486718356124,0.09077454448641908,0.06006776348056571,0.06261222844692704,0.06198915849135374,0.0536414152534581,0.101409954098858,0.08816339928690842,0.059098799728669264
2021-05-01,0.08135858240748778,0.05810068635927128,0.032438655945243346,0.08380956833738201,0.06042472764622545,0.03463834882358434,0.10046872893716202,0.09522500687020752,0.06388980777222822,0.06572093552769258,0.06647652040183506,0.057266575188621924,0.10079937654400467,0.0954817978455742,0.06397572582165831
2021-06-01,0.09558009728548644,0.07301012554131213,0.04551795148011696,0.09750680479649132,0.07490265516054019,0.04752013681674798,0.11012735352900499,0.10142626332004673,0.07170501555769325,0.057588190121317426,0.057270749651769405,0.05993846338609018,0.11920657178640232,0.09431778242311989,0.06899413084367552
2021-07-01,0.10529341820223626,0.0836658335642258,0.05557801717524933,0.10770547880198322,0.0861626013092357,0.05826745357782114,0.12272352021547955,0.11882740565365413,0.08902609998409561,0.06275411778702496,0.065882841960199,0.0734939514487991,0.12861049909200817,0.11419644574087784,0.08698026721404811
2021-08-01,0.10294150815972358,0.08110846471461469,0.05308947241532639,0.10503447891533901,0.08323095500735483,0.05538678872528491,0.1180106174970707,0.11120333555642326,0.08154425657196451,0.0586686387334583,0.05992927366606886,0.06654340573578169,0.11723792488742041,0.11216921365616189,0.08197783611435727
2021-09-01,0.09450213137649016,0.07199928172223764,0.044532575154755956,0.09603066117820092,0.07344904534475631,0.04611632442147382,0.10583900408084579,0.09391756321466666,0.06482648464983293,0.05228875065467655,0.05013410819517348,0.05267971351255159,0.1010884235160201,0.09802302490073661,0.06656481501311869
2021-10-01,0.10482888841325344,0.08335279797151746,0.0551924897043802,0.10508453578960941,0.08344107469461104,0.055526880828244626,0.10747760366344666,0.08801228009411916,0.06143604375239093,0.04023547257170611,0.035744777635070654,0.04554481017312808,0.11336648687841161,0.0836635276806415,0.05983172342696029
2021-11-01,0.11718837709863722,0.09742321049829683,0.06922301652735473,0.11714887702796806,0.09718359846644964,0.06920193563708027,0.11764224674707285,0.09757188965439917,0.07164922480703104,0.03914459485864195,0.03540773024984048,0.0509630866463531,0.12292483350229233,0.0935457857710626,0.07007838159775627
2021-12-01,0.11686403751985192,0.09710359546703073,0.06889426929581796,0.11623936214655323,0.09619013941324672,0.06818216032316976,0.11374730276011813,0.09023999932817939,0.06515342830815068,0.035101995640242405,0.0302402637207835,0.045003167770297406,0.11190235909588403,0.09154517218297847,0.06576608620696398
2022-01-01,0.12139129405058607,0.1024001878962073,0.07442788873409065,0.11923958929354672,0.09970415933907167,0.07182916640856615,0.10917355761612035,0.07835512877881198,0.05563707307166182,0.02740851717685489,0.02105001284724074,0.0357491764614834,0.10636087556432544,0.08015258857186014,0.05639905506546292
2022-02-01,0.1302120503689142,0.11286237789032144,0.08567473490282262,0.12743901757969311,0.10937774648080201,0.08209267227777944,0.11418907802673212,0.0812063561338503,0.05934524851960812,0.026176348447889602,0.01982911207157928,0.03700589733048249,0.11349109382852507,0.08136217764110776,0.05953680139579236
2022-03-01,0.14382782322186738,0.12940130233511843,0.10419557813595193,0.137170828683645,0.1211101672928615,0.09498769792095746,0.10632355268256666,0.06060322054846821,0.043334010786494494,0.014154008056912387,0.008116839653275714,0.022456217040458113,0.1048297055481282,0.06092699027822159,0.04361921183348341
2022-04-01,0.13007651410938365,0.11287138516083473,0.08586952056369412,0.12334087788124687,0.10470344581093138,0.07729032303713662,0.09271183416246809,0.04825003388074502,0.032082888059193064,0.013382382390733524,0.006882777475621248,0.016937860982906675,0.07879569070773745,0.05648863597244186,0.03464967236107938
2022-05-01,0.1286703652574826,0.1112658072965666,0.08423759931062452,0.12435592352390235,0.10596087863788162,0.07872157296959392,0.10381639112415447,0.06559370393101106,0.04621745948332446,0.023870892381429414,0.015548068102758638,0.028681735108584957,0.09404055002503331,0.0721022010671211,0.04837555849634702
2022-06-01,0.16821631193889353,0.16024197802412488,0.14102398509254693,0.16381930384479615,0.15446002783450907,0.13396658317235316,0.14080298826017507,0.10463753888286736,0.08726424351108969,0.03495570357700382,0.02709787883820205,0.05593225223162784,0.13818976264983718,0.10601694439307197,0.08799221664948281
2022-07-01,0.21779353844677396,0.22549027404673871,0.22462581228282208,0.2178140105985526,0.2253788861035958,0.22393699932016464,0.21490000011445132,0.21519466202369536,0.21232109915272468,0.08280494609128769,0.09049872236082968,0.15929633425448214,0.21407897571144885,0.2155751541282333,0.21252350170268824
2022-08-01,0.2343781999758371,0.24801654686592983,0.2549812262519692,0.23173752470577336,0.24429893295223942,0.24925669649826143,0.21381131102535494,0.19982851086843711,0.20061716087613335,0.06840068606346766,0.06893899091665048,0.1417622429108305,0.20787232449736498,0.20422340305046616,0.2027424104344725
2022-09-01,0.23697837032603786,0.25183735979607275,0.26047228188165317,0.23148378604201364,0.24422516543111578,0.2494319839161231,0.19831063982094482,0.16784978135529072,0.16776453320986168,0.0547245429847132,0.048730028231982844,0.11221802734434472,0.1820020026638426,0.18035101542863652,0.17342459596791437
2022-10-01,0.2605044361457046,0.2848947451904118,0.3058201330423798,0.25916416302103296,0.28296642035689956,0.30203200554949367,0.24649591479784794,0.24898143619290536,0.2627347984720017,0.10700355140484791,0.11648814750870184,0.20450433484610853,0.22038900523814314,0.2716282115020795,0.27344928454510226
2022-11-01,0.31657821312164963,0.36416001972501505,0.4155876815208561,0.31807986772904795,0.3663040031450744,0.4166624169524533,0.31854024470807146,0.3611722105365843,0.4050882142560992,0.14852487388025598,0.1870141444005889,0.3277713392933046,0.3425821110357434,0.34066701018175194,0.39454918919089016
2022-12-01,0.3000979393395401,0.3420702118829697,0.38563633639942857,0.3013628358854518,0.3438199883417072,0.3863052699308095,0.3010633210628123,0.33708012052571645,0.3736377616667089,0.1440360138310539,0.17748160269359076,0.3025747508694826,0.29333003939073854,0.34302034476331283,0.37647104175011836
2023-01-01,0.3458687130461453,0.407327678440421,0.4770646878308305,0.3511555393395124,0.41476526456220336,0.4849020132191771,0.37251270653973123,0.4566329566186572,0.5204395825281399,0.20532783490700557,0.28085733597647516,0.445326233410129,0.39201043849102907,0.44175472969152463,0.5128319264208298
2023-02-01,0.3511401324439067,0.41656212461094794,0.4914258773125079,0.35247135742205976,0.4185142453930961,0.4916727004226368,0.34978893604021755,0.4048220569538943,0.46906914052057286,0.15890361427399952,0.20665156256523515,0.3797526410714142,0.34808738291226354,0.4055632259677111,0.4692502728357438
2023-03-01,0.3429875247642762,0.4065297420910924,0.479337760503242,0.3501996416640285,0.4169035586949826,0.4910986647008331,0.38378738913657995,0.4889846343420287,0.5560367771047604,0.2359464461526578,0.331950886561604,0.4895243284876237,0.38817329491258296,0.48585832987005556,0.5538851384799715
2023-04-01,0.3440353041621715,0.4100333208875539,0.48642359192898593,0.351315020230193,0.4206760229311944,0.4985239559503616,0.3850011415989321,0.4954231954551323,0.5655239004670722,0.236281851259857,0.336279471155641,0.4980917790861121,0.39240236275039525,0.4901900200075718,0.5622407908918172
2023-05-01,0.37521446818956494,0.4556012291181378,0.5525167633746128,0.384712375335035,0.4693603564663267,0.5681287960046975,0.430565736545409,0.5699246505216962,0.6562237276183205,0.2958805340967646,0.4271290281927814,0.5977160655867318,0.42307508992542664,0.5759018252967266,0.6581354099410262
2023-06-01,0.3901541246798983,0.4782369310452367,0.5861007159062629,0.3946335668402853,0.48506492827580744,0.5922157028238036,0.4088622089049001,0.5128200627558778,0.608633542431781,0.21338263261345897,0.30419894825787586,0.5201720341214157,0.42861958577875287,0.497364524735332,0.601340886205495
2023-07-01,0.3735527387410783,0.45532571470035654,0.5590920458764078,0.3792595558816231,0.4639717795999209,0.5680815777842227,0.40130995794384255,0.5129536902238253,0.6074771332709392,0.23549309915280692,0.33419889855125307,0.5304276147676967,0.391657226172465,0.5210978669429042,0.6102897227173134
2023-08-01,0.3483163261153653,0.4204041565007903,0.5143167990385166,0.3542903248501756,0.4296559872076374,0.5247454573761422,0.3785310473458511,0.489594573539366,0.5777997324048714,0.23930965656193603,0.33712403546054304,0.5095712768350509,0.37066426067906094,0.49633986727565804,0.5799728277101238
2023-09-01,0.2936626013156053,0.3426119111322945,0.40541915544611073,0.29864777643179097,0.3502740234736414,0.4149006038219567,0.319898911376826,0.4038051104370085,0.46897983108520014,0.22546234476565258,0.2989253042342813,0.41982074846711614,0.2944517290573142,0.42877396479553836,0.4771974149557707
2023-10-01,0.2607768258012392,0.29558040137362424,0.3382901749905849,0.2653564203848023,0.30250054085848205,0.3473159253004104,0.2856763748074747,0.35453599205902675,0.4042707969447714,0.22055664933651697,0.2816925204960308,0.36943228172086207,0.27110831107024747,0.36918350224043495,0.4072267630343136
2023-11-01,0.28860149540652114,0.3362695570078952,0.40012276128636315,0.2950854289754905,0.3460703108644346,0.4132581426483689,0.32434411375305483,0.42171662093843515,0.49885900986675064,0.2468351455905034,0.33323086327832585,0.45351884083500915,0.3541273128775568,0.39589858366568054,0.4887930372758502
2023-12-01,0.3165266760848894,0.37584095242951837,0.4613547470058922,0.32561603258042293,0.38949390788054594,0.4797801573302328,0.3673400930405216,0.4993396189686033,0.6020260877032444,0.28679377165902464,0.4070480665936431,0.5524713942934426,0.3998883249838444,0.4713976446188565,0.5934125944322257
2024-01-01,0.29480904720189793,0.3430135881528483,0.4140056237030329,0.3036421801695952,0.35615077333036416,0.4322011819175845,0.34440322639776455,0.4658997691972649,0.5581811970161391,0.2834372245828901,0.39509474941769496,0.5166843990511294,0.3397870591977078,0.47099910191873273,0.5597010635622222
2024-02-01,0.29585324683679537,0.34409680494162753,0.41610864621967725,0.3018783951026906,0.3531678030743612,0.42840367602437396,0.32683925031396754,0.4199520730756919,0.5066394376848946,0.23276403362069276,0.31402890835427466,0.4479936127973783,0.3315110361107497,0.4161095500677869,0.504416278175445
2024-03-01,0.2994879744665755,0.3502099077286819,0.4246572389853053,0.30567143003856967,0.35963914124693613,0.4373378464056669,0.33020862357953873,0.42889969890503,0.5170767541671917,0.23506167848304715,0.32110623172307007,0.45610167919259026,0.33743478198284715,0.42268090979305056,0.5131468112003795
2024-04-01,0.2701947049711947,0.3087003437004159,0.3616834518317613,0.27344321545229133,0.3138214699639651,0.36825123466760123,0.2843366523762288,0.34459832929056416,0.40279582161321714,0.188149393470726,0.23834858707008988,0.3432441988538234,0.27129886107431334,0.3544709395309863,0.40971886488669695
2024-05-01,0.2778194684461335,0.32026866087703465,0.37761197591631596,0.28206417880172474,0.3269014349877116,0.38621617891111587,0.29690204287410105,0.37096445806070244,0.43519801764803695,0.20328501877144095,0.26576343888901155,0.3744281476830821,0.3061087117241511,0.36243914034738844,0.4301864398998537
2024-06-01,0.2809410242244442,0.3250036907038506,0.3834723607304843,0.2861896159027904,0.33308887009963145,0.39424022200556125,0.3048580247493485,0.38980898742374315,0.4603993383584515,0.218621363431367,0.29171883938683874,0.401528750843845,0.31260770229644397,0.3815892813934243,0.4547280171515364
2024-07-01,0.2723711017637023,0.31265016875226076,0.36419207769422085,0.28020767155798765,0.3243928531238798,0.38040454547678176,0.31010805600974717,0.4166062684234174,0.49225789574962875,0.2637514395122754,0.36175886561401993,0.4552553570677835,0.31467877917307285,0.4126328430014381,0.4892474640444384
2024-08-01,0.25939101281499366,0.29401708938513277,0.33645711105287013,0.26824975852529537,0.3071565587738312,0.3547762705216196,0.3023712232962473,0.4147237252068021,0.48651003714121305,0.27846485042433855,0.38486604077949343,0.4623862852989959,0.3093608113609837,0.40811398426886164,0.48230632495195874
2024-09-01,0.22782673696028088,0.24876118219111665,0.2712173948516371,0.2351571283158369,0.2594151824352101,0.2860851932393961,0.2628630108388817,0.3483773524529978,0.39726340247776404,0.234444850109726,0.31513068089045204,0.3732665493682277,0.2701090668677412,0.34081811315444277,0.39406916294293703
2024-10-01,0.21051686259317254,0.22445966486932084,0.2368008418986164,0.21400517872697006,0.22952433315541781,0.24365036984011096,0.22563892654636614,0.2669651600718661,0.2898517963089897,0.16261179152569882,0.19838271459789997,0.2495594096872335,0.22184323035289422,0.27123184119210986,0.29087085888363773
2024-11-01,0.21887760888124874,0.23646039151698273,0.25418692940088394,0.22230384891886978,0.24154980675186177,0.26104028351988484,0.23274956500559213,0.2776687217860073,0.3049226521370308,0.15941300195144253,0.19710779374476894,0.2564488960945377,0.24080691742858878,0.2684986593317803,0.30046484744392166
2024-12-01,0.17458084884128705,0.17458861017103722,0.16780594632913182,0.17628502296502974,0.17692752770624492,0.1708551808314525,0.18120872026548168,0.19370606192890238,0.19059752191771934,0.12685478329739747,0.13891038242472298,0.16193718293177584,0.16886089199670795,0.2087925332371272,0.19945342615397815
