date,M0_raw_spread_h3,M1_slope_h3,M2_slope_curv_h3,M3_full_ns_h3,M4_db1_b2_b3_h3,M0_raw_spread_h6,M1_slope_h6,M2_slope_curv_h6,M3_full_ns_h6,M4_db1_b2_b3_h6,M0_raw_spread_h12,M1_slope_h12,M2_slope_curv_h12,M3_full_ns_h12,M4_db1_b2_b3_h12
1970-02-01,0.2691125118010569,0.2634668064704524,0.24394319166461603,0.10616321161246567,0.25167212432992897,0.3086023163217961,0.3008560978117137,0.22632874175653378,0.09645771328903036,0.21667757966539442,0.3591168451427148,0.3468529416160233,0.25336210513999796,0.17207925859369017,0.2474617089158636
1970-03-01,0.22919009351330744,0.2242270771608365,0.2075097030696486,0.10092769160429144,0.19781877194029918,0.25102226233822833,0.24417577034766969,0.1822950469058498,0.08652600159028911,0.19146317835413923,0.27512662136191435,0.2647177980599807,0.19012733068595145,0.1351925165302187,0.19608391541554882
1970-04-01,0.25919320808638235,0.2519446933697004,0.22782763901833786,0.09806258727759654,0.2171474966882353,0.2942225773867911,0.2841208341705823,0.19500571774017306,0.08028134044358087,0.20467749029635668,0.3380590715548407,0.3224799247291848,0.21222485915803707,0.14238986302983592,0.21874848657772922
1970-05-01,0.2226271022096814,0.21907894075374085,0.20675424565023692,0.14378197919586244,0.18434336475776641,0.24165652388317777,0.2368229972617047,0.1902370667289045,0.13107796233874763,0.21494957637584955,0.26161718193739814,0.25419614483226965,0.19820143378984828,0.16908945265656744,0.2134916085256191
1970-06-01,0.23304135393246794,0.22657726725308075,0.20531887726151243,0.09457539322396025,0.22633972272335046,0.25653474689425415,0.2475404352492458,0.17050792023542394,0.07530998797326542,0.14956411012204351,0.28310723050014347,0.26954703282778353,0.17679141593139858,0.12218612695247616,0.1640127735751319
1970-07-01,0.21833378459862685,0.2111888361953383,0.1882449612996045,0.07369968311744006,0.19668229254987535,0.2355506653244237,0.2256050994057534,0.14524386066959843,0.05338846639165905,0.13621478997145858,0.25284831134998026,0.23823840948201142,0.1439654836962681,0.09114224233366536,0.1389063789054999
1970-08-01,0.1926797109294358,0.18693763875851105,0.16860896065933634,0.07991449714810217,0.1598721873421159,0.19948639899838683,0.191594520602677,0.12867375329937158,0.05832307779985038,0.13612708876393376,0.20187711517020807,0.19077306494930696,0.12029189746397889,0.08414430037412896,0.1248943776496449
1970-09-01,0.18171077026826132,0.17676632634283979,0.16098412431925108,0.08083651621752991,0.1626180659652438,0.18433398112724542,0.17758606131504878,0.12369341735459138,0.059952537037712125,0.12126846660402463,0.18100894083505054,0.17174090431421762,0.1128051427206278,0.08140789886734318,0.11173288963766237
1970-10-01,0.15384828523829336,0.14969936138409295,0.13675127084984334,0.0775955447821209,0.1307608120903453,0.14679600886097954,0.14126163998903268,0.09917135682931927,0.05485124431276439,0.10401862434648251,0.13129798201796444,0.12433664721172866,0.08211413628146247,0.06371085529376407,0.0848960999712205
1970-11-01,0.1094408063756252,0.10735981249671006,0.10120162321692017,0.07067221125627322,0.10617625992404184,0.09089886287563465,0.08824350675843501,0.06983606788696335,0.049052927983096996,0.06547155629599621,0.06508419665873645,0.06247776209846356,0.047846963116744315,0.04249108015787216,0.04602071561606145
1970-12-01,0.10474531777146068,0.10260463816650278,0.09632355203302306,0.06687894765871787,0.09487249017961547,0.08536200537484234,0.08266803957291213,0.06434316684667345,0.04494131919416164,0.06526172847578052,0.05923457102911461,0.056668965280978784,0.04254051221436906,0.03782913528125904,0.04308320396223366
1971-01-01,0.08633131442759318,0.08296530606731517,0.07336020195696392,0.032474412155206245,0.0814711220107861,0.06452976375693383,0.0606756386284314,0.03689088496716337,0.015612819332819708,0.031826317115404845,0.03875322685215479,0.0354795154057157,0.019526279964986633,0.013538341972107354,0.017805668468849643
1971-02-01,0.05539086634331579,0.05401308986377848,0.05044813961105486,0.04155116244489258,0.04260090488715493,0.03346755061518582,0.03203354107399523,0.024362981985300704,0.021053590590239157,0.029942611003518853,0.013940433530275758,0.013153279244369214,0.009771567890010966,0.010386682135442167,0.011332984559989755
1971-03-01,0.08362105785898638,0.08308532588213202,0.08192391818895,0.07045810425687311,0.08865409105721833,0.061594497455671464,0.060804484479150496,0.05746811159323385,0.051172539209645033,0.052018563654986166,0.03608490567042925,0.03559472858467208,0.03438777181725368,0.035006670329292854,0.03227253408633868
1971-04-01,0.11921983349461729,0.11494043494056294,0.10221149324346501,0.040384916523517896,0.10742360025006809,0.10268894834026071,0.09731060631478916,0.06092483457644919,0.022671261205911602,0.056649899110061665,0.07803264610285417,0.07225209047886991,0.04130330762479039,0.026273254090713523,0.039582606935384686
1971-05-01,0.12521553933604712,0.12140410042262206,0.10991813704868203,0.05216935226761544,0.10216194554811775,0.11007799802847346,0.10520362244471643,0.07095256411307951,0.03244607585417282,0.07710475606627056,0.08646046330874763,0.08106540960469161,0.05085062738012616,0.03589437667861446,0.053888827542524845
1971-06-01,0.19678043721602706,0.19111764520317415,0.17294021138621057,0.06991588692922181,0.17415372985995925,0.20519633193036535,0.19739919494181823,0.1343820121701076,0.05171000206540299,0.13218558725216434,0.20983594991812315,0.19875819939933165,0.12745891924797909,0.08189387455668196,0.1265170406618208
1971-07-01,0.1890349517747319,0.18233206326601775,0.16129777857138922,0.055699197324384504,0.16180142163396127,0.19443135870251466,0.18523031405846135,0.11503645410017244,0.03677895316918666,0.11352067146639255,0.19487272847274673,0.18208274829414167,0.10456895175673542,0.0615881281256054,0.10407436631763184
1971-08-01,0.1443633115222518,0.1412605112071741,0.13156162005221372,0.06928856597789573,0.12979184499095986,0.13439403866441163,0.1302750315691792,0.09861107514953288,0.05096518673095501,0.09969040022821074,0.11566031697939705,0.11068615143500066,0.0800383877432077,0.05943667660493141,0.08080891706141718
1971-09-01,0.15826911634784002,0.15486286678919187,0.1440407809138433,0.06878414126317578,0.14983228642243507,0.1526477064677046,0.14807001773016187,0.11168131710848866,0.052066025838394404,0.10575880866904058,0.13882706421600166,0.13297246089002246,0.09578194265816037,0.06721022985340952,0.09279462628290014
1971-10-01,0.11955447121988749,0.11648777692860185,0.10726350256237072,0.0518853418776611,0.10602458803230597,0.10309826048588139,0.09918700872879005,0.07155560045089862,0.03371027846280875,0.0721612235356656,0.07849346371914509,0.07432258117186351,0.0506759746682574,0.03613002103007234,0.05113620547201136
1971-11-01,0.12135087722109267,0.11824055729599897,0.10886185064855985,0.05360854686057286,0.10588103144802358,0.10530187193636492,0.10132262502983885,0.07307008797727375,0.035070650555375955,0.07516830877116629,0.08098673375572879,0.07669809666673476,0.052269714918168925,0.03763956794714364,0.05342742789235917
1971-12-01,0.10180059864831459,0.10006788348373447,0.09504900860151294,0.06312397112950914,0.08904111609267784,0.08193350656392362,0.07973105528892172,0.06500841208167292,0.04349550654220259,0.07009908552937208,0.055692261008190046,0.053674924599326115,0.04273493385422528,0.03691195334795147,0.0450528254423935
1972-01-01,0.09107507473403686,0.08817154714799336,0.0798161555870831,0.04113521637250269,0.07906363616075379,0.06975252915446355,0.06633107655943721,0.04448359451943518,0.022406302240402496,0.044728211351872375,0.04364222213620631,0.0406423556972606,0.025334699040809688,0.019132807068877482,0.025554923648939597
1972-02-01,0.09321029379343282,0.09045593136619129,0.08250442583699774,0.043590467651011856,0.08184255817898145,0.07213742098699881,0.06885419702047102,0.04764035483788051,0.02470537422757637,0.047833892057451526,0.04593227945685817,0.0430132155321732,0.02788920937844793,0.021311139018518364,0.028095436173702734
1972-03-01,0.13960184470497783,0.1359337753238553,0.1246346122880857,0.05826724504921067,0.12658468835869008,0.12825260477071232,0.12343641428455665,0.08776204933102716,0.03970690486935893,0.08551557238550045,0.10809122610886357,0.10238273312942442,0.06858511043810714,0.047729794988938895,0.06767749747605271
1972-04-01,0.10557272248457694,0.10227503712559144,0.09257962776822881,0.044844513099850845,0.0890179061513035,0.08633151681907647,0.08228493862045855,0.055286733004523296,0.025935169528330138,0.057684663415179235,0.060247531108629904,0.05627578668846798,0.03512579043502702,0.025300978828958876,0.03628593463892893
1972-05-01,0.11366651012695139,0.11039856947036547,0.10067053313786284,0.04788909939172954,0.10222970223358269,0.09595208940024685,0.09185250438115228,0.06366162092865972,0.029345611984847413,0.06202649425031535,0.07055495121308086,0.06632125169663446,0.04302821179327899,0.03049655739195866,0.042475150366453183
1972-06-01,0.14270410132685507,0.1394334738675298,0.12926020485827683,0.0646157619129909,0.12710169375704022,0.13224728660692725,0.12792070882151801,0.09505863651169671,0.04641615015540862,0.09646662076808066,0.11300071195293937,0.10781002904363601,0.07622752193068064,0.05500569545016686,0.07716321319284716
1972-07-01,0.12640091007125875,0.1220832855719956,0.1091193122290457,0.04268080842549903,0.11170731713628407,0.11155238672948087,0.10604119262865253,0.06788090728884993,0.025044401807752883,0.06534746585737596,0.08816893756264593,0.08201625214452041,0.04823171923993951,0.030432580325493338,0.047264878928950496
1972-08-01,0.1562271420979398,0.15152931650948082,0.13693577297781906,0.054754256261262485,0.134449269344321,0.1499394340705974,0.14366735904820127,0.09663604751508748,0.03670545613955127,0.09810259734027588,0.1353310939608129,0.12737334588140958,0.07990132984445636,0.05088548895655092,0.08093689230600948
1972-09-01,0.16260151147731977,0.1592588785388609,0.1485576519783418,0.07698675577607333,0.1409058257853671,0.15842336700276244,0.1539144667335997,0.11746417281099553,0.05969770856744533,0.12438935761648062,0.14634544421433077,0.14048497498300583,0.1026544266157301,0.07531762197199719,0.10665801541050346
1972-10-01,0.1641401543971478,0.15916813698744048,0.14363178181266079,0.05461920709063104,0.15197595094387822,0.16048397527747404,0.15379339597242575,0.1029862152279204,0.037059344626993417,0.09511771410969211,0.1490477789521948,0.1403284581396091,0.0876683372147456,0.05431256746343022,0.0836870393916122
1972-11-01,0.16730144363794114,0.1623017221577584,0.14662575297832386,0.05377725952764127,0.14918555763785846,0.1647326075405266,0.15798456256683202,0.10632983778946631,0.036869848487576885,0.10324842445177851,0.15465130826038287,0.1457678737757116,0.09167327201819453,0.055694366513607284,0.09028659929361099
1972-12-01,0.17840116511651255,0.17441861471159487,0.16154309378696896,0.07419095433251903,0.1526412708457653,0.17979953195676684,0.17437775791730337,0.12968589832725064,0.057925644053950655,0.13784753617673245,0.17484277216930194,0.16743385837325764,0.11879448927962971,0.08160432154005204,0.1236600196330978
1973-01-01,0.16488463871540382,0.16530830184278106,0.1662427525169824,0.16260429445940272,0.13541995629695303,0.1614827389676689,0.16202519203181526,0.16415538897669196,0.16190937225059648,0.20330371629483518,0.15036124580696653,0.15105208900478784,0.15437728667239897,0.15803261289781412,0.17652969532096874
1973-02-01,0.18897149905631672,0.18843577121146948,0.1859699615928347,0.15594735076011013,0.18991807037782804,0.194343526430854,0.19367190005738155,0.18313845420344155,0.1543744030897538,0.17834008297022608,0.19475138707586248,0.19362455045908966,0.1818921647727615,0.17068670502671973,0.17908079790891873
1973-03-01,0.2421465842306229,0.24403042656459406,0.24843764366375637,0.23677854697415418,0.24644202898005546,0.26961051481363774,0.2726631737015234,0.2870637538164718,0.27299999434106104,0.28916431425745825,0.3021085001125021,0.3058334462362362,0.32167584537426763,0.31543188584972826,0.3228056744266543
1973-04-01,0.215512508180921,0.2165121654327931,0.2185138696382964,0.2043373928959653,0.21976284344904734,0.2315480353360917,0.2331665727354823,0.23863411088523884,0.2234372112626722,0.23681196048396064,0.2471183792970046,0.24898144500377462,0.2549433354733136,0.24978402391331067,0.2537281609731397
1973-05-01,0.2268283572964625,0.22994250065482297,0.2386043163933404,0.26912559952179615,0.22810805090085523,0.24764769634366168,0.25236652105307505,0.28358583781909497,0.3148341236125918,0.2967579078117597,0.2702514118175122,0.2764882307049255,0.31302274824835,0.33234818498053387,0.3209984304043191
1973-06-01,0.27810029752866133,0.28404022099701853,0.30104580702748784,0.3648453515704465,0.2996720757885265,0.32165612456574033,0.3308431789294901,0.3945087189362996,0.45828681482250244,0.39646727023279893,0.37823240196339264,0.39055096718704874,0.4638994731472281,0.49626877370779754,0.4644903125432933
1973-07-01,0.3536131218592947,0.35885213588864384,0.3721831724077693,0.4046074727563107,0.3663525819229616,0.4311743022738558,0.4396362821310778,0.4861149868210056,0.5120333068434486,0.49284076716125885,0.5356773534003022,0.5457042119037598,0.5927561853327696,0.6014876957754554,0.5960646104731315
1973-08-01,0.32785729049830353,0.3356791556899161,0.3579026386738547,0.44553724662937794,0.36290521653032337,0.393975258585751,0.4061220849363538,0.48794689707756694,0.5703641653724303,0.48230741324993803,0.48311744216043057,0.4988426831778467,0.5881326813042846,0.6254736776513423,0.5839997340726841
1973-09-01,0.25558150570378146,0.2617459586885634,0.2799388614404903,0.36045464833954743,0.29272951284617205,0.28899603689663755,0.2983531999131135,0.3674214798282657,0.4505519942928997,0.35199897283648834,0.3304112342709795,0.34320504910202987,0.42433032651309843,0.4682490150272872,0.41399931037442766
1973-10-01,0.22271571100860116,0.2278668482248271,0.24333389394459448,0.32788070016251025,0.24105378714345127,0.24178272211794805,0.24938870474499625,0.30791122393185233,0.3975073759572344,0.31117533102124295,0.2617987579084642,0.27220339656401205,0.34160108330246153,0.3914159397018549,0.3431792377663151
1973-11-01,0.23423532412393755,0.23987892442068542,0.2567629890827082,0.3418774698278148,0.26236720723062856,0.2582460419646971,0.2666677515598879,0.3308358332573009,0.4204304498787635,0.32421602254864296,0.2855886581320799,0.2971429975644857,0.37315863749116607,0.42211163447222305,0.3684445982399345
1973-12-01,0.21963452916340925,0.22575315208411345,0.244528180965094,0.3607181328375384,0.23745664718031645,0.2373987107663496,0.2463600340404481,0.3184206591988574,0.441935945641386,0.3281755064587668,0.255498900819879,0.2678518507224421,0.3535032404996624,0.4210003847304765,0.35904141069235873
1974-01-01,0.19471464122784793,0.19890041276614545,0.21167594325984807,0.30255520465775054,0.2124562133625888,0.20231697369289564,0.2082742693918106,0.2558878918656514,0.352904032597532,0.25522765337347664,0.20581650262311435,0.21385617221482922,0.2699430656091584,0.324840089765041,0.2692075723900381
1974-02-01,0.19304073080713957,0.19721956328103846,0.2100028781298085,0.30515176726933674,0.20941120367418203,0.19998815097468475,0.20591848901305781,0.2535503427014783,0.3550842226244042,0.2546120744140269,0.20257453329800162,0.21057125918504505,0.26663479469814866,0.32395077089948154,0.26696804420718356
1974-03-01,0.27829941997277746,0.2839518482056287,0.3000062986121634,0.39393677932870985,0.29670102375384944,0.32194552412712985,0.33071419623037934,0.39058093214297374,0.48502660119343716,0.3948957894862025,0.378655995445087,0.39036324971229724,0.4592007439139708,0.5093248171381259,0.46128464611137415
1974-04-01,0.31832103935285727,0.3239063517118063,0.3389921266222316,0.4237108353840312,0.33632967140382375,0.38014023601605035,0.3890068474844609,0.4436766923125993,0.5247845748879292,0.4469140836901811,0.4632727605178666,0.474525602951446,0.5340976174607939,0.5745980691599036,0.5354233068315417
1974-05-01,0.29528564013053105,0.3002828520684109,0.313871663439386,0.394616202838172,0.3204409756520471,0.34664980515951327,0.3545569850686524,0.40414900780595964,0.4835012608503755,0.3961250735997318,0.41474559165501224,0.42497945243243984,0.48048777374898544,0.522219111859374,0.47493626014939266
1974-06-01,0.3083295832889221,0.3116328122304588,0.31949093324066674,0.36028821202404027,0.32769640010888146,0.3656222487008812,0.37112085368371994,0.3979057672325359,0.43523020720043953,0.38766143671227987,0.44231052081592503,0.44888810933823664,0.47661297567245386,0.49630250446549234,0.4697803266186644
1974-07-01,0.30405443035838176,0.30695183812813565,0.313574357160789,0.358006189703601,0.30998327199433995,0.3594055293298721,0.3642914504768803,0.3863506645916025,0.42759648816272455,0.3903099779386853,0.43329727002493684,0.43904750560030265,0.46140045962923726,0.4840918443031122,0.46347562775724294
1974-08-01,0.3425340035474098,0.35074374696474714,0.3739490718416527,0.5281782608721769,0.35248330115423254,0.4152083780485028,0.42794046451959855,0.5125167868092385,0.6548093990826513,0.5385001227532864,0.5132757645271525,0.5294757531998238,0.6197646940036761,0.6878335750678991,0.633832363097632
1974-09-01,0.20839625722973,0.21184491739638245,0.22192754236576084,0.3366182403089115,0.22897427086212802,0.22148894817548886,0.22653537966875675,0.26344122138265,0.3830617730930513,0.2549952380714174,0.2327900989492922,0.23955697348602867,0.283085943299037,0.35152790493609914,0.2775115495111871
1974-10-01,0.2135715101493621,0.21477171245672244,0.21744833989302503,0.2601341559760062,0.23861587922689337,0.2287989832356736,0.23069106468347228,0.238749160786544,0.28178689308076116,0.21470888262740173,0.24319205064617871,0.24545806889946986,0.2545578636813641,0.28301474909960955,0.2392760716048466
1974-11-01,0.19568011890263476,0.19846159631403754,0.2065676893396582,0.28867503158492414,0.2057345289419728,0.20366195696460254,0.20765888591922127,0.23674773980324681,0.3225040485480759,0.2378059365311453,0.20769253492847572,0.21299734481196225,0.24720388847818692,0.29744147573593105,0.2476604215328766
1974-12-01,0.18173203182923486,0.18485361891657442,0.19431853970149615,0.2873401451897445,0.19677666881284128,0.18436317000749086,0.18871052753989925,0.22303474446720928,0.3210245124998166,0.2202238396592286,0.18104875779237684,0.18682632451046122,0.22693427975204156,0.28284897411189996,0.22501921261370988
1975-01-01,0.11215435903974652,0.11106509491918404,0.10790364490374149,0.1258781105686203,0.11265027715339232,0.09413636641888673,0.09264875863632227,0.08256043624729276,0.09949189291620308,0.07811460422426009,0.06857515073692484,0.06717775420570371,0.059583503378985055,0.07174551882928187,0.05760733177521886
1975-02-01,0.0939931407078306,0.09293307633249726,0.09005008455865038,0.11005413360258909,0.08919483681313206,0.07301694862442226,0.07161782176139053,0.06317487996008074,0.08089843417592302,0.06375529168551546,0.04678563620225326,0.04565573692446982,0.04022742807908754,0.05114919930134201,0.04058179027568204
1975-03-01,0.08567227915537345,0.08491243529066506,0.08303382104773643,0.12643107756482008,0.07138154874996501,0.06381268818802104,0.06277498451269917,0.05741971604355014,0.09328759423952132,0.0685098086499326,0.038095962053751216,0.03737095152736309,0.03459851243136972,0.051398005401979086,0.039056029002348475
1975-04-01,0.10781706307176364,0.10500269839941884,0.0966842325795525,0.09845442959844508,0.09898048861264658,0.08897465732792714,0.08546856771889899,0.06156421993313218,0.06456373908219035,0.05941546510798825,0.0630337007896143,0.05956666166395835,0.04056558399739023,0.04626378062849329,0.03978778400795696
1975-05-01,0.07675461714561128,0.0746211077605075,0.06866763711715758,0.07779672049879695,0.06866838191641382,0.054325756988403015,0.05190472914863416,0.03717561010012458,0.0447065385037401,0.03698171765860128,0.029739766914323673,0.02791813509770596,0.018986741302068743,0.02429389688181953,0.01901564169684218
1975-06-01,0.12377277129921294,0.12176935947173845,0.11566683953848661,0.12201175264414249,0.11896233329901118,0.1082893878900707,0.10565387058478376,0.08625795958774357,0.09315603293546632,0.08298121360913291,0.08439962132283663,0.08157618742830741,0.06478429606227261,0.07320023281267661,0.06334870109055273
1975-07-01,0.1465431857638686,0.1447803189760059,0.13910807813303222,0.15272055854978878,0.13329842817932464,0.13722501471801524,0.13483549919340115,0.11521997756725622,0.1284519005775212,0.12069359919477535,0.11918961718204818,0.11630769480844122,0.09737898295852387,0.11004175003165872,0.1004554400885625
1975-08-01,0.15351839110808507,0.15242462138461893,0.1487261138006642,0.17780007176513046,0.14452356136804756,0.14636109457725943,0.1448472550468186,0.13126558619272327,0.15898371520182591,0.1353084291135726,0.13074209833254213,0.1288686612959215,0.11567298602573134,0.13582723141623054,0.11803388575748458
1975-09-01,0.15984543727285183,0.1581018917621541,0.15230072266729872,0.1736649981322287,0.14842867987447667,0.15474456034478157,0.15237211560654945,0.13157864315965306,0.15173891619234076,0.13509990786916792,0.1415468798158459,0.13849384461875935,0.11728064874079952,0.1341246220452718,0.11940247329067971
1975-10-01,0.0910381781054872,0.08871618385450997,0.0820558339855838,0.08601622502921774,0.08872016602736804,0.06971150064698577,0.06693037838858232,0.049010035300467374,0.05355325577824649,0.04408713055305861,0.04360313434869058,0.04120181833289916,0.02871666960470914,0.033992217251964836,0.026889772108358866
1975-11-01,0.10065199452005524,0.09847425874669091,0.09213064368253371,0.1039118926206643,0.08659273150925523,0.08060567716060385,0.07789975094207112,0.059790037627725647,0.070246012319451,0.06421314608568042,0.05433740034496221,0.05183196009442819,0.0382624232607726,0.0466592143690778,0.04025502147114765
1975-12-01,0.08967584592149747,0.08780479939186436,0.08249809960984766,0.09284964212171393,0.08611352405054379,0.0682010075511968,0.06592832168193148,0.05143457977975123,0.06070287802039354,0.04850918538423933,0.04217148772157514,0.040267675937206066,0.030424515693728865,0.03750942895577345,0.029378668893966408
1976-01-01,0.06685857647011896,0.06432724215141238,0.0573347165002272,0.0543567733751512,0.057275135661045105,0.04430883539969529,0.04163384357861886,0.026089535010767287,0.025994595441769543,0.025944537528200855,0.021667683023456594,0.019835826206123203,0.011386154311681936,0.013353935938715008,0.011418566648182955
1976-02-01,0.09324148163279494,0.09140539172105372,0.08616654646771982,0.0967329596289413,0.08337881147392828,0.07217240816631448,0.06991011037279506,0.055283602123227665,0.06489235240224998,0.05734104772715798,0.045966135845048973,0.04401730371014025,0.03379775964870887,0.041312097588378324,0.03475227905981748
1976-03-01,0.093737197338151,0.09182250267534114,0.08634261338739013,0.09243975995062481,0.08766215319633086,0.07272909611038006,0.07037531026309402,0.05509518319422405,0.06144447323025829,0.05382576343303278,0.046505832879752684,0.04446186188370389,0.03370400422001343,0.039950412912152136,0.033310221575868076
1976-04-01,0.090926858778066,0.08976545024133054,0.08659895463405776,0.11097764944424315,0.0818556470935835,0.06958775309499589,0.06808894815857675,0.05903052981986125,0.07973077760095099,0.06303553762151871,0.04348530427438692,0.04228988070032944,0.036500439522550485,0.04824109796321013,0.038241366612883874
1976-05-01,0.11498847303465126,0.1131087061848019,0.10749122569302522,0.11950366198166357,0.10541791428946662,0.09754610334613434,0.09510033807120016,0.07774786458905678,0.08912124923692,0.07929418204352134,0.0723056933626612,0.0698336777653538,0.05562978201379575,0.06553635630750967,0.0564998111567877
1976-06-01,0.10760347949408727,0.10562768332907663,0.09980821557694908,0.10671917490953658,0.10185224856406222,0.08872229179098523,0.08620221551866458,0.06886599572780447,0.07606123125381935,0.06686824301638378,0.06276614510170302,0.060332498652786976,0.046765787655879194,0.05432256159388132,0.04601689202681573
1976-07-01,0.08658706824508972,0.08474681233888132,0.0795633703584871,0.09144716466165176,0.07668723566265573,0.06480861033117281,0.06259567017109827,0.048674266943423174,0.058898704304866385,0.05073991783373082,0.03900974563271337,0.03720822181503027,0.028021721510603823,0.035214674665842,0.028924983181817833
1976-08-01,0.08554359274766182,0.0841282549181831,0.08023489477416823,0.09609709097327385,0.0816892419707384,0.0636729160586089,0.06192719621049891,0.051293011758801924,0.06482565638409717,0.049990807876286736,0.037968251464932344,0.0366034962718442,0.029880467713509953,0.03831482040451219,0.029476778370714628
1976-09-01,0.08195858830642827,0.08074383407518426,0.07749235982855895,0.09638723719514997,0.07681397085656282,0.059812162348910534,0.058304226864397034,0.04951899312188211,0.06530704422435481,0.04992165241662551,0.03449371721023244,0.03337978642173781,0.02817487239229678,0.0371382406301066,0.028425766227799024
1976-10-01,0.07080513676815227,0.07020818673346527,0.06894419609416064,0.10261077326078,0.06631573919932383,0.0482350772249914,0.04742327911658278,0.04415420154265408,0.07101356570873517,0.04625406194844354,0.024732868286973218,0.02428251192834813,0.023198425657857222,0.03482015763133081,0.024014973407787125
1976-11-01,0.06254594072353316,0.06348832780716208,0.06726617939694879,0.14287926588030048,0.06633258088344783,0.0401289942632071,0.04082585503120634,0.05122313902728653,0.11773907838619091,0.052251826304541324,0.018554732477924836,0.019238960060575013,0.02718174616022406,0.05064521566371037,0.027586355282579085
1976-12-01,0.06852543897479746,0.06837989366415827,0.06855451667311076,0.09968787846532928,0.07615915870119486,0.04595562832223104,0.04560044878504926,0.04609379089344917,0.07212796198345633,0.04039674549102651,0.02293717398037104,0.02285107191489624,0.02430368314578802,0.03558029030885711,0.02230371047296351
1977-01-01,0.08082027507956835,0.07959925598462847,0.07633798474581951,0.09131366125002816,0.07118766611429278,0.05859991641241902,0.05709247819071132,0.048348677636092144,0.06121022084517636,0.05251308074874008,0.033424345984239566,0.032322326178080105,0.027195227296796198,0.034993586960039215,0.028847901664445945
1977-02-01,0.07350419273252118,0.0722993507839959,0.06914344159482652,0.08747435664207737,0.06582301993038754,0.05097330992019697,0.04953275293023903,0.04148180134145341,0.056169275236496646,0.043965427749325596,0.026947161580468896,0.02597362571205436,0.021622035496524934,0.029337005688820073,0.02257621242224968
1977-03-01,0.0679394651326793,0.06664042915910508,0.06323746507588618,0.07908803491452765,0.06226533532468862,0.04537477089630025,0.04388523781495735,0.035616172133320065,0.047947771801603034,0.03620575725482392,0.02248669672659691,0.0215301721541971,0.017265447696842375,0.023614136549239925,0.01753630910525122
1977-04-01,0.07587246005570393,0.07488240468698741,0.07236663099223387,0.0955506166266682,0.07058364405529383,0.05341011225319951,0.05217360828296147,0.04556148151896605,0.06434080353767756,0.04688272415976706,0.028968326853509217,0.028141362036719072,0.02468663536073671,0.034115732040760384,0.02525360627105254
1977-05-01,0.08945453388508745,0.08908257293802246,0.08838888216599011,0.12357420637320776,0.0877454860112768,0.06795644082327684,0.06733434009706885,0.06518175689335541,0.0960694470744275,0.06568975247168338,0.04194105195838806,0.04158022572582065,0.04127368897368098,0.05694965225082025,0.04157634961458521
1977-06-01,0.0909112704081032,0.09069696124395316,0.0904900089796799,0.1248996982121176,0.09235370730488968,0.06957042891171947,0.06912185308587576,0.06835411904614505,0.09914974623978934,0.06663458715044543,0.04346881619210477,0.04326707828857611,0.044082388484631474,0.05995884857618875,0.043432248412045606
1977-07-01,0.10952250703447863,0.10914305145178177,0.10823042486905382,0.13882201276954698,0.10608788754891213,0.09099594260262672,0.0903571341518925,0.08714290676953634,0.11569688829524483,0.08910125574218558,0.06518813447657842,0.06472098661244462,0.06336426881046028,0.08037661849132155,0.06439053100702032
1977-08-01,0.12908318970927052,0.12934060945495923,0.13022743176489288,0.16456841789205118,0.13354878466434544,0.11490458543258464,0.11508317883764752,0.1174021227434055,0.15131557135622847,0.113885737803881,0.09208517529952986,0.09246032891116612,0.09627360890500658,0.11740922112492486,0.09450316561671257
1977-09-01,0.14250891381022418,0.14286103908775222,0.1438778651291882,0.17884853185197225,0.1421734607975083,0.1319952092224883,0.13234476561322522,0.134997625723221,0.1699764039287155,0.13670426605112712,0.11268937552092606,0.11322934480826513,0.117362141723383,0.1399543039379838,0.11835673925309115
1977-10-01,0.1604885430675937,0.16034675854434577,0.15954329800124623,0.18349095034440666,0.15764102266907404,0.15560155360095035,0.15536734149768738,0.15142095401943,0.17548257251771382,0.1532163815312435,0.14266170564813235,0.14236607741949092,0.13914367437417646,0.1573040988421544,0.14024511412111373
1977-11-01,0.15254631578560718,0.15268724547886514,0.15289311886993368,0.18500507395953059,0.1521186407720253,0.1450810120550744,0.14519371687355198,0.14491030055475213,0.17701567317727634,0.14553861709975907,0.1291090147189593,0.12930847617377,0.13022444264120542,0.15204991169372284,0.13064506548560306
1977-12-01,0.14077571455552151,0.14054828520363932,0.1397418239672537,0.17596132451047275,0.1336481537281436,0.1297611889101239,0.12935619179454233,0.12581530086633863,0.16099678509280774,0.1321793120170447,0.10993914766677287,0.10956152073389558,0.1073091518537837,0.13007246528491884,0.11081363924593729
1978-01-01,0.14946539670390147,0.14951552562970766,0.1494744070083009,0.1957084225294527,0.1447311334242713,0.14103841416139645,0.14102040813906713,0.139927296427803,0.1851921958519276,0.14493153293913552,0.12398208671844535,0.12403305459928282,0.12414543592143096,0.1524440820125833,0.1269885638478721
1978-02-01,0.1488574608965702,0.14834390964965005,0.1465264628080249,0.18287280542651924,0.14581186092134646,0.14024337218564353,0.13948492763699316,0.13234478751256462,0.16741628798507413,0.13280567979053276,0.1229793565053961,0.12210458292535276,0.11587418147968098,0.13924005897852798,0.11623556856507783
1978-03-01,0.15340611798892967,0.15295018210461736,0.15125224788592434,0.19126565422514052,0.14862561459760276,0.14621313648817857,0.14554075247346393,0.1386801417978623,0.17736012646760324,0.1411976679700115,0.1305531056510036,0.12974935134452076,0.12364231093925543,0.14910340567470254,0.12514495490411764
1978-04-01,0.16741411469181672,0.16704491432247504,0.16542334562012295,0.2058847638865839,0.16438894453261982,0.16488439582781583,0.16436744163915862,0.157402480841836,0.1969093630472769,0.15818410673468775,0.15485227560494413,0.15413260710647436,0.14737021050801175,0.17404731860606343,0.14790989007755112
1978-05-01,0.17319223135605571,0.17257220354041308,0.1700764502511946,0.20893290064008885,0.1671213735147835,0.17270092324841824,0.17186152199806204,0.16168167054043198,0.19939265532339656,0.16452581382106407,0.16527038392729604,0.16407042637639047,0.15350614624483566,0.17965395687269825,0.15526002822817964
1978-06-01,0.1980578129482784,0.19788465666334215,0.19642447075472153,0.24382294052577735,0.1926938873870518,0.20697964846170847,0.20685019265220855,0.19971701598623787,0.24631094023587718,0.2035487001336898,0.21233133606158577,0.211869520178688,0.2036332427298701,0.2351628793057709,0.20600737513317519
1978-07-01,0.20052813960837101,0.20025680215165909,0.19844786792632196,0.23982086936139596,0.20194978013164072,0.21043449436285572,0.2101780341412276,0.20171445756277,0.2422668806975028,0.19730482827504237,0.21717821356881212,0.21651628449772725,0.20662369894598598,0.2349523407169965,0.20396580045293145
1978-08-01,0.22201717296186968,0.22245999541822636,0.2225781120491434,0.26548426692815696,0.2283372657534969,0.2407880461065099,0.24164916761539124,0.23989352593832391,0.2822595382453389,0.23277498709672034,0.26036796226213244,0.26109721943587116,0.25822250142428055,0.2870792135304685,0.2537021152071057
1978-09-01,0.23649595964428977,0.2384393436271765,0.24313320307990227,0.32146083276067783,0.23565079915003195,0.2614890275536971,0.26459139844846374,0.2801722949473512,0.35943972427147886,0.28908377741513736,0.29029580602340227,0.29413719012468936,0.31159008414864037,0.359574490115239,0.3170130922874482
1978-10-01,0.31730204771058,0.3199939430478953,0.3257299289385789,0.3994492175667205,0.3221253399881437,0.3786605065853797,0.3833093139335227,0.4016478813818693,0.4716560404979345,0.40550864722122437,0.4611422721657701,0.4663817915357891,0.4836210430393043,0.5222549024902889,0.4856159474026933
1978-11-01,0.3460277389654428,0.3513625792983782,0.36513666394264754,0.474679776225632,0.36954032363624734,0.4202496214769081,0.428834368590939,0.4773198627044182,0.5795758394476764,0.4719204239932343,0.5203763651852045,0.5307210787237234,0.5807176536350143,0.6312755451222917,0.5768825172361824
1978-12-01,0.3773009136954206,0.3819735933955357,0.3930742980233489,0.48537628262968574,0.39379960204955694,0.46507426649456296,0.47275864235601106,0.5098616293967028,0.5922754647903261,0.5086219976752155,0.5823174345611395,0.5908235410762886,0.6254895711438554,0.6639411856597779,0.6241736228439315
1979-01-01,0.34395009514734487,0.3497070337446427,0.36488688041818584,0.488460181927047,0.36990823011955065,0.4172523905113963,0.4264424789293939,0.4803906011567707,0.5960912622370372,0.4743367189728157,0.5161576949817712,0.5273870632226373,0.5837040577399742,0.6410885060914676,0.5794585229545987
1979-02-01,0.3410781736217724,0.34567760735907394,0.3571579549923368,0.47154027801131093,0.3542932894414328,0.4131060691151949,0.42061499568932814,0.4605041809917639,0.5682736007243934,0.4636689596645016,0.5103075383102845,0.5192405748788205,0.5599540905422362,0.6150527043515842,0.5612691252239009
1979-03-01,0.327784338247583,0.33215187507057775,0.34311331020595626,0.4559968990120069,0.3495197078979934,0.39386952135596487,0.400999277086796,0.43932769749854417,0.5472471137566051,0.4313774592971322,0.4829663160721477,0.49158873196094277,0.5315394200660065,0.5881151204117019,0.5261458527776103
1979-04-01,0.3204138287834299,0.32442255095077777,0.3343514100092845,0.4549684733202607,0.32974371603077496,0.38317851205965836,0.38975825260516095,0.4243004567624537,0.5406436925383851,0.42961009098061975,0.46764257253275854,0.47559790985585754,0.5116794246414864,0.5740479268136749,0.5144203026367382
1979-05-01,0.301613970441629,0.30629783299570595,0.3187499462497341,0.45239048508359914,0.3275672412277252,0.35585590180163995,0.3633370286145081,0.4082712007151389,0.5394985135960831,0.39748470818445797,0.4281421119154517,0.4376702590780562,0.48724305910423815,0.5581941466210312,0.4800006446592271
1979-06-01,0.26667777099142015,0.27039794684563456,0.28033634522744866,0.3963255203975872,0.29310113503047824,0.3050697050599287,0.3109471299777622,0.3467551806452074,0.46382141139186667,0.3312058112258296,0.35394258806509804,0.36156373645336876,0.4023066677477244,0.4685939931001097,0.39202078722601896
1979-07-01,0.284982593925739,0.2886602845837923,0.2981368804700192,0.4138316168593006,0.296106702565058,0.3316622148812559,0.3375873468651067,0.3712239958509909,0.48631769109322454,0.37352107023812897,0.39286963777945655,0.4003605627244035,0.43756775228246003,0.5019916019873164,0.4385737215182048
1979-08-01,0.341346416648841,0.34526292662386227,0.354533768976758,0.455620387097064,0.35780473584698635,0.41349349897914167,0.4200148147610712,0.45141028766988994,0.5464164096581089,0.44711147538909424,0.510854855742067,0.5183996903540677,0.5494000728844978,0.5985255399256701,0.5462781876442753
1979-09-01,0.3645095293757299,0.37007867796264626,0.38428798030371175,0.5184842555252588,0.3786203974760878,0.44681232723884484,0.45576443462891103,0.5050810209002097,0.6279300110951281,0.5115611000241395,0.5573587047316932,0.567837197400038,0.6169776182806157,0.676689941735872,0.6200513923792554
1979-10-01,0.48794450970046555,0.49165542239283627,0.49801378936585305,0.6007270717981729,0.4680184104416612,0.6165816630619811,0.6228316474312713,0.6390498458153844,0.7183587627788526,0.6694433755815368,0.7697006769652182,0.7744929391546205,0.7816120514527545,0.8110815438296393,0.7954722226326751
1979-11-01,0.39735514075472167,0.4027587436661959,0.4158789814392833,0.5794035868672922,0.42064640966155514,0.4934609790305776,0.5021844336904088,0.5458853958453204,0.6900067800477812,0.5401001464664497,0.62025490115436,0.6297239835940659,0.6696572200150717,0.7374436927827018,0.6658105769288344
1979-12-01,0.37790754388930237,0.38337192235949535,0.39701307602008673,0.5721967333565348,0.4000996095378416,0.4659375184003735,0.4747494850461607,0.5213080151777437,0.6792515461565123,0.5174624350635879,0.5834870107760053,0.593492464062646,0.6383250494037985,0.7155535883718491,0.6354852796869159
1980-01-01,0.3407580952143596,0.3480417804995294,0.3682521616871033,0.6522019291205468,0.32159699836325784,0.412643731108448,0.42403512811129507,0.49735252547330033,0.7542186468260338,0.5542865756026182,0.5096542172137298,0.5240257451711047,0.6022235306407403,0.7361254651539514,0.6343464768014222
1980-02-01,0.5779154363797282,0.5814309560403985,0.5861359330123638,0.7446579143164558,0.5674731532530463,0.7274380743297617,0.7330245372652848,0.7417103483090143,0.8501728986630976,0.7578342964917508,0.877704118302482,0.880709407200142,0.8803174580228039,0.9142008593584936,0.8859062282889921
1980-03-01,0.598598114896728,0.6089689270232574,0.634977953745295,0.8683697964941433,0.622761609083578,0.7509265462919853,0.7639241232773755,0.828655033570328,0.951779366756653,0.8377134758257587,0.8967722315876077,0.9052172584175109,0.9384163891286053,0.9708738768866327,0.9406142979439344
1980-04-01,0.23395791882920192,0.2365038666454387,0.24319152234481667,0.4643516380111146,0.29999466649096196,0.25784834753611435,0.2618020469292401,0.28519404700909934,0.5081042686248102,0.22328532925487188,0.28501183175397077,0.29010268576174864,0.3170475956332734,0.4442808239933687,0.27645630743067234
1980-05-01,0.10076496775977312,0.0996593557706697,0.09656920449752793,0.2089854658849426,0.10565110274507755,0.0807360390964551,0.0792605754539728,0.0699155603532526,0.16346593158678174,0.06231943135630051,0.05446998739127718,0.0531996727047745,0.046757901871807,0.08727420336774006,0.04348518928896656
1980-06-01,0.10316626766274278,0.10151825307512036,0.09674131737377423,0.17832726996698456,0.10497155318839574,0.0835192324889637,0.08140699921933542,0.06724114382985247,0.13318767279825228,0.06044862806003254,0.05732282479419719,0.055377715616345996,0.04479709941798326,0.07523159697942881,0.04191258387347789
1980-07-01,0.11131462081069216,0.11067460259564521,0.10892257604802391,0.25694959313160914,0.08995906625655942,0.09313160554597633,0.09218206253787015,0.08635201807953846,0.2166570937167427,0.10706630346054907,0.06748631436587166,0.06667537783526298,0.06292665332892175,0.12117148719346787,0.07260737345189522
1980-08-01,0.19322542352878985,0.18947627865052707,0.17704695993480069,0.2733451198084348,0.17159240360321654,0.20024491150573637,0.1951167290879386,0.15043055178285364,0.23606590301064195,0.1551856438495176,0.20293157023171315,0.19561191178644494,0.1450176188230209,0.1986111869683196,0.1480672902058397
1980-09-01,0.266689135403401,0.2674470705564869,0.26783830512670925,0.4850902942858668,0.24656600642915683,0.3050861897264142,0.3066491350415751,0.3051623089596034,0.5197387175224631,0.33100427615855066,0.35396673285995756,0.3552977742871735,0.3509382941884289,0.47601288945854925,0.36711468247768597
1980-10-01,0.35701356793406236,0.36016234273178527,0.36670124014221067,0.6296268009436381,0.34677939369546484,0.4360618404617603,0.4415226154456271,0.46203763356601163,0.7058953198350738,0.48538189064718695,0.5424825999617949,0.5483079651807807,0.5659118086948165,0.6973120537021753,0.5792979567269463
1980-11-01,0.5133029973580016,0.5197369576548035,0.5344213757360466,0.7727532774057522,0.5425536031335871,0.6491460270410285,0.6587354229486854,0.7009411426849887,0.8726245796820051,0.6924343845443769,0.8043341386306179,0.8121379537721074,0.8398815490899295,0.9045944007538038,0.8356904993345945
1980-12-01,0.3859745473187099,0.3890057031388126,0.3946971772922646,0.6296934961756452,0.41301014801785974,0.47739095922452246,0.482754739327231,0.49934314345418346,0.7124035137986773,0.4774243123627798,0.5989127059197958,0.604171539817913,0.6158564111465621,0.7261199648386553,0.6026331366844794
1981-01-01,0.36767851260847967,0.3709880210912482,0.37786719189714196,0.6440751199261832,0.36563900012713113,0.4513467871017654,0.4570671841703469,0.47859698049958643,0.7226484015968971,0.492510149270963,0.5635936107463952,0.5696118421053008,0.5877538516054166,0.7175010049913868,0.595419360759836
1981-02-01,0.3576921807145698,0.3577351135263682,0.3543566477343876,0.6021575912116195,0.33323043453154005,0.4370364502825662,0.4380272742114445,0.42076654693329146,0.6546705183201509,0.445062546685332,0.5438365333103631,0.5434802055907806,0.5174540952828137,0.6486321821359813,0.5320349923158487
1981-03-01,0.2288889933150735,0.22400767474450367,0.20754105031367598,0.35458995130545223,0.22173661304890324,0.2505917798348337,0.24386191114541872,0.18283935673140111,0.31597884172240687,0.1675738783783267,0.27450425533258593,0.2642677663751908,0.19071584212790377,0.2731233577743776,0.18146177380581124
1981-04-01,0.36678993816547256,0.3670450259816836,0.364193030562431,0.6500192357016658,0.3190743163754153,0.45007598608073657,0.4514142899017985,0.436069965235461,0.7032382888880063,0.4898984926452765,0.5618486925419369,0.5618967546635871,0.5380190308428836,0.6866591397265133,0.5700471045554989
1981-05-01,0.38193455011472954,0.3815636170145589,0.37648646812681535,0.6114194764060357,0.4118577226469068,0.4716611850924737,0.47217465920345536,0.4483246167521779,0.6669084941831751,0.40650302751202655,0.5912173541336302,0.5900396779366965,0.5563295226838934,0.6764691313662169,0.530583675105057
1981-06-01,0.3548627253710258,0.3520342029654898,0.33965905283823117,0.5523971643303904,0.33370774323583396,0.43297112869450904,0.42980429873239573,0.37854696206000693,0.5803924559008978,0.3839870629520603,0.5381821643139941,0.5320714035462566,0.46560957588689433,0.5839387339498785,0.4690126869906457
1981-07-01,0.42390596123582447,0.42141534483113646,0.40898470103601864,0.6424758924484442,0.383725536797195,0.5304979147067128,0.5282596663614412,0.47714293598990565,0.6902956209238371,0.5048172813944257,0.6679794848026206,0.6631389194901773,0.6000326102443716,0.7148558548381616,0.6159503992644464
1981-08-01,0.42852773008461165,0.4265023125482698,0.4154695014702269,0.6982018929204633,0.37962654421947595,0.5368732178324392,0.5353079966425648,0.48945002016906364,0.7458125589580169,0.5294794180302219,0.6759732209002437,0.671987353284135,0.6150587370491981,0.7518813248831988,0.6377853944207332
1981-09-01,0.2795659877669227,0.2708388407425576,0.24191485640838062,0.448400241528279,0.23246265901159424,0.32378648328760373,0.3115895080743627,0.20463257708629567,0.38916786875506226,0.21264656437314577,0.3813503053606486,0.36250022638841883,0.2286776160298788,0.34478762199945645,0.2343035054176748
1981-10-01,0.17776699770865878,0.17281096643909943,0.15706786649587962,0.3818433814035478,0.1739563450568103,0.17893277353545128,0.1721865482977204,0.11891487046962407,0.31196358593934514,0.10359471335691445,0.17366857667774255,0.16450415335367824,0.10688995728435696,0.20821023154289525,0.09845958708951003
1981-11-01,0.11695137379684628,0.11283158413154054,0.10059648855321524,0.23451336958203545,0.13332955766014992,0.09992421686787356,0.09476699942702133,0.0599433273428048,0.1579761664060591,0.04026285015880641,0.07493922718076798,0.06947090091483965,0.04021604608646009,0.08322952553126634,0.03130247005815381
1981-12-01,0.14502497508273537,0.1386941105928221,0.11968267108411057,0.24505034306607998,0.10433212795766483,0.1352520754323046,0.126970525538388,0.07056832165403173,0.16081885402620005,0.08281936171756188,0.11672739065854293,0.10665439817917727,0.05288187960061017,0.09842314603410546,0.05894735651490017
1982-01-01,0.1955507828864262,0.19104085864498216,0.17629266711018554,0.39271418504598776,0.16451052872691097,0.20348170805084292,0.19729232750272424,0.1449927942139742,0.338030603148035,0.15624388583067933,0.20744096334171758,0.19861070492923327,0.13927329269748745,0.24622097158664868,0.14611434789754685
1982-02-01,0.22069476765632945,0.21571547069590208,0.1991069951857915,0.40048252221741304,0.20569810667957228,0.23890625320300835,0.23203301722535802,0.17128195633100968,0.3536781070070475,0.16356345246853188,0.2576633796512216,0.247367329112048,0.1751081350280163,0.2819258647647712,0.17067270346884394
1982-03-01,0.2596422581700121,0.2544811186868922,0.2365998049869366,0.43341121088630186,0.24114799507945733,0.2948727839028702,0.2877998358137966,0.2195931461346231,0.40249780589735884,0.21337276702949015,0.339010818608414,0.32783337946173297,0.24273427953801124,0.3548126208679442,0.2390570061358861
1982-04-01,0.22375637987509206,0.21858244280456074,0.20133520030038704,0.3772969925415599,0.21090075212656795,0.24326539217301552,0.23611521474876196,0.17298933058276283,0.3314319404189888,0.16236136070597912,0.2639330249291732,0.25318577144374554,0.17779674710275256,0.2727738208865982,0.1715420886727484
1982-05-01,0.15915981019889042,0.15274893278271218,0.13319694762287465,0.25267370837627134,0.1334142113110901,0.15383187131870324,0.14527512006679322,0.08456924181636116,0.1744036120589924,0.08354593121410275,0.14036165119207872,0.12941186128101456,0.06817638078048677,0.11700325290068514,0.06795298021723595
1982-06-01,0.22374588086873726,0.21621441933299457,0.19203087039248645,0.3389895237630367,0.17607683230718002,0.24325042909012978,0.23274285662947947,0.147856792500499,0.2718136080680558,0.16253325390824724,0.2639114770176416,0.24837795501301368,0.14804771097268754,0.2250930393342907,0.15723533621150082
1982-07-01,0.11339429543760143,0.10642475003523189,0.08651018964619467,0.1525862235500724,0.09573133227199987,0.09562462267848598,0.08714009436945125,0.037268969443878926,0.07447213531662683,0.03192338683268129,0.07019674773958909,0.061315531673368937,0.02169038736831458,0.039439418251967714,0.01975554307271929
1982-08-01,0.08294892423214201,0.07615160241556619,0.05772776033616017,0.0708894914401982,0.07156133701873915,0.060872217332339336,0.053485101611470354,0.016648183691219537,0.022278978219688425,0.011920156964631943,0.03543739930054211,0.029238212934421914,0.006789862217016786,0.010341308619370234,0.00549525292606896
1982-09-01,0.07779238019864503,0.07133761951038432,0.05394059830272111,0.05273054819970302,0.0646132501542495,0.055408346661754246,0.04855938764825575,0.014918570482612142,0.015215216096416965,0.01125421615638309,0.03066012643550739,0.025188760558336232,0.005735879902803957,0.0074353333645752,0.004803935126483216
1982-10-01,0.09194646293510489,0.08844410120527052,0.07836900142101003,0.13051037315129227,0.08287983998990373,0.07072331087149941,0.06663080905844222,0.04090751037571726,0.07522940641640437,0.037707768869111286,0.04457015321958932,0.04092187444063163,0.02279718155900054,0.038327201240778486,0.021720784990621564
1982-11-01,0.10827135091702866,0.10529308959325323,0.09648783990166337,0.16779891477070397,0.09614055520308307,0.08951200836706835,0.08580925571920767,0.060626092413070314,0.11414313680141613,0.06052758280455054,0.06360446181073325,0.059921953887629296,0.03983014084315821,0.06562639355059621,0.03994842911668018
1982-12-01,0.09443582680529689,0.09179637883707403,0.08416416992993264,0.1498277984642266,0.08666897238037036,0.07351551129824874,0.07034615101610979,0.04972554169818446,0.09711786356139063,0.04761722326984451,0.047271439113653446,0.044433957357429846,0.02959710632018266,0.05067978613145592,0.028889047951792632
1983-01-01,0.07762585174557474,0.07595234574265429,0.07135086235554429,0.17790835452260834,0.05935060290973066,0.055234232264302754,0.05327860813841788,0.04151506701049522,0.11856543422200977,0.05166173545995475,0.030511504307799402,0.029064636172257515,0.02201618623039222,0.04921973969302313,0.02564606459203026
1983-02-01,0.08989918899683985,0.08855024273016482,0.08481904122810108,0.1893735802393598,0.09384208278046119,0.06844805046363966,0.06674763118649327,0.05625234593118395,0.13855453112005095,0.049319651639124315,0.0424046447431389,0.04103097476515275,0.034182381962006854,0.0672782413891098,0.031443163217712386
1983-03-01,0.11550507952693695,0.11381408112637098,0.10876452344310589,0.2201712092919123,0.10452371466465948,0.09817069165297465,0.09595005782056604,0.08017647577651643,0.17351888487011402,0.08380426665762525,0.07299488097342606,0.07076076560021241,0.057910169678396066,0.10175391101067255,0.059752523241975254
1983-04-01,0.10088261877362181,0.09919623237209069,0.09432776498702272,0.1885897535278463,0.09934215764793192,0.08087185450685525,0.07872807100439921,0.0644770919280792,0.1398586396557639,0.060201458719565976,0.0546082206814431,0.05266324428902452,0.042174066819445244,0.07548137083956674,0.040444264336305234
1983-05-01,0.1056861276089811,0.10381318268152256,0.09832643698616567,0.21209470345551984,0.0860066814808152,0.08646460728375766,0.0840765258121906,0.06779505327495981,0.1593289531819626,0.07918615724701317,0.0603869672209427,0.05812118798864112,0.04559565037491233,0.08584418076077227,0.05067465187547546
1983-06-01,0.11275560456199701,0.11034717999950544,0.10316655818887516,0.20579929466848706,0.10199880391556276,0.09485733330637475,0.09179118146585674,0.07032527055527922,0.1519620548347212,0.07096715685117674,0.06935940776421813,0.06625541478120275,0.04870675643222463,0.0865951693949305,0.04915677412567799
1983-07-01,0.10449681724331733,0.10135308872042903,0.09211882361726165,0.19967786866026266,0.0771048756584679,0.08507134848640135,0.08121570662538197,0.05547291734049569,0.1343809751796448,0.06836429082263752,0.058931844758162114,0.05518258697730784,0.035164261121833275,0.06899358205414327,0.040582406963670846
1983-08-01,0.10312530105538809,0.09963990141884499,0.0894412281096606,0.19162755407361742,0.08553741028947848,0.08347155573227327,0.0792381884119015,0.05142219599782833,0.12393895176266578,0.05400641517646483,0.057273602778855855,0.05317708904959834,0.03177377941509795,0.06260780137125427,0.032980556659953496
1983-09-01,0.09426227133246812,0.09108630630647696,0.0819044712641323,0.1675079345590048,0.08952815494770539,0.07331994601168704,0.06955478119380032,0.04539803586892949,0.10449688200174218,0.040111081504816536,0.04708070080170368,0.043678641153435616,0.0262980509757548,0.05071815123143602,0.02435672717927181
1983-10-01,0.07648417337264923,0.07335499992842408,0.06455907096598616,0.1462418694689422,0.05831039593969902,0.05404459338888,0.05060738826768063,0.030118999605678855,0.08013291041223264,0.034029371238630216,0.029502197729113794,0.02684904832101091,0.014389399798201896,0.03169816120269308,0.015734274307020554
1983-11-01,0.0917865645754029,0.08886865925416798,0.08046238579186188,0.18046471093147964,0.08028724345738258,0.07054491442046316,0.06709841211754142,0.045037466214887835,0.11491157896145476,0.04486553722493815,0.04439919105151631,0.0413590956677621,0.025807902668349935,0.0533274471462,0.02587063668562049
1983-12-01,0.08904221396905182,0.08596001581900381,0.07711964752988029,0.17608489754800027,0.07284089852090694,0.06750140745239647,0.06391233027722987,0.041293500561582694,0.10835372586370823,0.04408114349829515,0.041513331580040204,0.038408140462459876,0.02283802282492583,0.04848828280276046,0.023986959567672356
1984-01-01,0.08571207187202196,0.08322446994671284,0.07614053120674821,0.1884080023090806,0.07543260916010704,0.06385592526756999,0.06095395307530206,0.042666512216556936,0.12165720421323184,0.04292626874206813,0.03813549473703548,0.035728526559926664,0.023540504069564896,0.05264093883981352,0.023751236712746277
1984-02-01,0.0837846164872188,0.08109627902788086,0.0734541332273149,0.19119494835097733,0.06630582547249646,0.06177060233148803,0.05867874672398904,0.03940807307257321,0.12002597497398737,0.044515492109422884,0.03624332995979268,0.033708754300946386,0.021073922133958797,0.049703101394340414,0.022996229715884477
1984-03-01,0.09575245018716672,0.09229669069713531,0.08229494889007988,0.1990528196527077,0.07605944172623146,0.07500341714424574,0.07090514139884875,0.04470336690663707,0.12497133741558525,0.04900377889332856,0.04873009220479708,0.04496980212483408,0.025909324825235554,0.0571391147097674,0.02769232934254786
1984-04-01,0.0867960804929957,0.08305541287306956,0.07239761009606341,0.18199723388545885,0.06607194154097423,0.06503673005431392,0.06077236483141168,0.03480438824456031,0.10400182075931408,0.03878087832348576,0.039219984917566376,0.03556599662261019,0.018132021702419548,0.04283048995837537,0.01962682375841783
1984-05-01,0.077190408179833,0.07186708449414661,0.057246132341214895,0.13150265156207958,0.04617527317226939,0.05477966090804036,0.049094585273783374,0.019021579462184017,0.05403737674491453,0.024847405644860425,0.030124567969377434,0.025619357554987263,0.007882845582216162,0.01916320634936648,0.009560714122065451
1984-06-01,0.08760184354173417,0.08131703721529815,0.06396253968139674,0.12208756935063775,0.06560904910238514,0.06591812371538763,0.05891366316982303,0.02165591556931499,0.04895827533219027,0.020570223899628447,0.04003553475928912,0.033915608642466885,0.009785309221229567,0.02026707143227164,0.009550646146458562
1984-07-01,0.12695226216269884,0.12217966879948466,0.10791073476320384,0.22355218500515822,0.11975880006936446,0.11223965116967816,0.10616017519635523,0.06471898888049522,0.14897885078512546,0.055909172957312195,0.08896826587393536,0.08215156135513718,0.045477090976654345,0.0855343998229503,0.04158383729845989
1984-08-01,0.15067764221701696,0.1452189947331049,0.1285410211730248,0.22802933621700655,0.13582380307483516,0.14262638666193128,0.13540611616009612,0.08367041936354319,0.15938998872710536,0.07722595920848348,0.12599040328807276,0.11701562996785048,0.06614957268907984,0.10776698015627978,0.06313092718952297
1984-09-01,0.13909971706961544,0.13386812369331852,0.11806515156390834,0.205694984668502,0.1227764682156855,0.1276084216292092,0.12080572769032077,0.0733861092520073,0.13801302560917778,0.06913630818404844,0.10730444708882309,0.09923091217822844,0.05480681886127658,0.08952465749913152,0.052988601136943494
1984-10-01,0.10839930503712303,0.10376811530781077,0.09024876473986582,0.15014372588166242,0.10113784973467144,0.08966349867199735,0.0840238966239879,0.04787618702292204,0.08745851959573986,0.040704776209406095,0.06376563237652977,0.05806673673057589,0.029460145189538416,0.04892405186658033,0.02664761129512595
1984-11-01,0.08038065507885078,0.07693695403403888,0.06720714170331253,0.1364594836669279,0.06413197856899477,0.05813353805552665,0.05430112201972811,0.031339098767388315,0.07344914647549715,0.033014077999753345,0.033015751867441795,0.029927334060678667,0.015411569198067684,0.031106617525339723,0.01606908443332774
1984-12-01,0.059809546625888894,0.056861581158672694,0.048809029651911404,0.10976818124674703,0.046735286469514824,0.03753978258679145,0.03461000791240115,0.01846917491998471,0.05028966768583499,0.0193812082344517,0.016708640627585637,0.014855723623412599,0.006928759328593893,0.0161740242647483,0.007222251385882221
1985-01-01,0.07376212757590737,0.07084135487043468,0.06266651963558693,0.1297978606570105,0.06667952449592333,0.05123717911359821,0.048059254373006566,0.02920976008037609,0.07012556301654126,0.026701360174647637,0.027163754483828465,0.024788499403435107,0.013655586469842442,0.028098953721881308,0.012938199202546411
1985-02-01,0.06900720424832815,0.06589745867929302,0.05726518459570621,0.13629249009992744,0.046363087882767946,0.04643474696227827,0.04315839789876128,0.0243139091137187,0.06953951799109279,0.031472286224996336,0.02331094127504611,0.020978208497604053,0.010483113276046657,0.02472306621003315,0.01260660798897908
1985-03-01,0.06861490324318825,0.06542687130350082,0.05658594525004211,0.12435387097344319,0.05890798744074639,0.046044494993690024,0.042699837833745986,0.023571929052807285,0.06159212681490091,0.022141417680409576,0.023006350933186252,0.020632396933672612,0.010042570152014652,0.022337720896783982,0.009698618945364813
1985-04-01,0.05800642151127446,0.05553048050390573,0.04879551610230265,0.12254162083103731,0.04812086858818204,0.03586145490242893,0.033398611364914524,0.01968513012582184,0.060448081473922576,0.01989885886980102,0.015547218428931036,0.014046541449394113,0.007465268369890128,0.01876113247899386,0.007578669816086727
1985-05-01,0.059469955307225895,0.05783265850884725,0.053478592620253305,0.13089489208037192,0.06415702102862718,0.03722198179069635,0.03550181224465749,0.02591208413305314,0.07501520498823668,0.02022504695531129,0.01648655747662568,0.015461118649465517,0.010856605747211987,0.025437278369858866,0.009232247689443241
1985-06-01,0.05284498091327424,0.05108642054604225,0.04642472067231542,0.11017626400086289,0.04627409570133201,0.031185187786871606,0.029449774004803204,0.0199848528969329,0.05695891897952692,0.019966690622835032,0.012465209972651794,0.011518223276747985,0.007382296820580487,0.017495930913417102,0.007428147262219884
1985-07-01,0.058587541981350105,0.05671797336771839,0.05169432630949066,0.12525162234373638,0.047275611833786896,0.03639989692582321,0.034478696869070305,0.023697213600049304,0.06843100508492758,0.026413645582388456,0.01591674383982988,0.014767273689314811,0.009592004834881847,0.02263815942609648,0.010400300497355321
1985-08-01,0.06328626751457331,0.061318197209435446,0.055971396020224023,0.12314280843568332,0.058386573036241944,0.04083803445378868,0.03875726398850201,0.026815770878579316,0.06885356700162396,0.02524529802338659,0.019071453442813066,0.017738621285759412,0.011595772717336505,0.024998669460504823,0.011196566701505711
1985-09-01,0.05620775165712757,0.05442440674919317,0.04966766534439246,0.11878656803568427,0.046999746305607486,0.03420995584488272,0.032401879046793224,0.022385348543034558,0.06388231760815777,0.023907957922808466,0.014432342817944687,0.013392343292460465,0.008769446071328105,0.020611084119977977,0.00923459757446786
1985-10-01,0.06814199463017814,0.06676561013014426,0.06312838358414756,0.1482773813657205,0.0655982908178311,0.04557529562191751,0.04400804347457142,0.03519707730045328,0.09489194428444159,0.03340504960502143,0.022641880686227512,0.021623892310969447,0.017014154166515767,0.036961831765580315,0.016498568909176326
1985-11-01,0.08042880505131883,0.07942317429075663,0.0768253943165638,0.16705619192512483,0.08262529227036441,0.05818456970288723,0.056906680405443964,0.049869038548803375,0.12002993096230885,0.04539281787129216,0.03306038387904267,0.03216112585560257,0.028271568118896386,0.05518633186543616,0.02664196056779475
1985-12-01,0.09587055871190092,0.09558337983842491,0.09510021295247617,0.18967804335531563,0.10595582069241244,0.07513726079134096,0.07460552736081995,0.07295235913195436,0.15492693556083692,0.06374391107931876,0.0488619473317857,0.048564464969006106,0.0486610873132756,0.08456026905240643,0.044638398822999685
1986-01-01,0.09244070645742031,0.09195162712647875,0.09086242435844866,0.18013806649452857,0.08959279406789722,0.07127546538581012,0.0705194842560858,0.06716907921871326,0.1427782715616709,0.06822623562140741,0.04510054637403482,0.04459990878768057,0.043311879470899796,0.07582958371068252,0.043857115233573545
1986-02-01,0.15102158398510507,0.1504027309421409,0.1482246250024502,0.18444394939354491,0.1870456445538471,0.14307756372801883,0.14218536408022692,0.1337678259146577,0.16861863535250593,0.09941419702955212,0.1265623379757766,0.12550070479081255,0.11784612093788527,0.14128088736827238,0.0982771662224487
1986-03-01,0.15741478427596656,0.15658727997121819,0.1536662812670162,0.1530286041505748,0.1804217530216149,0.15151349576927403,0.15035747470172794,0.13922730234835912,0.13996866177405465,0.11391956592044167,0.13736062333222948,0.135902190686848,0.1250838666677338,0.13115569987797326,0.11066810388953136
1986-04-01,0.14330942266135993,0.1421466484804761,0.13837240509640464,0.13772111817865007,0.13663985277786522,0.13302966006927408,0.1314201133047504,0.11802604499329789,0.11908609020318778,0.11943435678778697,0.11396830083418324,0.11209149136866398,0.09968594349452226,0.10579147118073062,0.1005787309091073
1986-05-01,0.14100568966814236,0.13739515327382695,0.1262428196655857,0.09774850137479968,0.12093894037818836,0.1300571651549719,0.12530481224652557,0.08986650970260085,0.06937209157013477,0.09410114980459366,0.11030258056289471,0.10463578965389753,0.07084597361053734,0.0662704840504482,0.07319379455123341
1986-06-01,0.14873164071146883,0.14598209433648496,0.13727685378374072,0.10368023922186775,0.1509457294927704,0.14007893883080502,0.13639989844721023,0.10727073535146087,0.08095640053749198,0.09477415256994043,0.12277220046648751,0.11825093239207268,0.08955948181412482,0.08157670251703869,0.08304956162913507
1986-07-01,0.12576747747918104,0.12446054842205012,0.1204653697400428,0.12072276138467875,0.11188143993965194,0.1107639669425397,0.1089846772029599,0.09572958817778282,0.09789102459241422,0.10408735122201496,0.08725426323845992,0.08538061801957897,0.07415096673580174,0.08027798781334039,0.07841667671214737
1986-08-01,0.10320981228414305,0.10281043280697627,0.10190084873092625,0.11783034155315197,0.10409479289890183,0.08356991687921927,0.08290746276544475,0.07983995642768305,0.09562369167228868,0.07770634255579716,0.05737516524569128,0.0569150832341016,0.05576203490134188,0.06672682750981011,0.054882741019936954
1986-09-01,0.09512516422420253,0.09336371940741306,0.08832975637288776,0.09007891122423523,0.08186241599316912,0.07429357897248319,0.07210113976357871,0.05784813940405051,0.06117233723030738,0.06321537025348078,0.048032568475602194,0.04612266727018728,0.03604908431397049,0.04117770000566522,0.03836777651772197
1986-10-01,0.09167556543390282,0.09075782790231629,0.08833660134350185,0.10678686442593799,0.08562920319642126,0.07042114260795858,0.06918948652085317,0.06211974900724873,0.07871642446334326,0.0643691746897184,0.044280693311235964,0.04333129709225867,0.03907492705194822,0.049360999808154324,0.04011395678308297
1986-11-01,0.10649590187253322,0.10590458181439077,0.104356946237665,0.12095701605128062,0.10821823911651385,0.0874163935520072,0.08652774924439094,0.08145842593811387,0.09767061195641108,0.0778065893927483,0.061386795922552854,0.06067319804117114,0.057715430273122946,0.06911935768593123,0.05612352018529944
1986-12-01,0.11410107735648478,0.11363048504443857,0.11238024666057567,0.13203548329147546,0.10994735296732444,0.0964754070163999,0.09572871869809407,0.09136303710151844,0.1105594586493791,0.09360015834780205,0.07112842614119219,0.0705189524736337,0.06803964269903688,0.08132871905031885,0.06922359808130886
1987-01-01,0.11265542184918459,0.11241985084719319,0.11192841236876827,0.13638775851282908,0.1111673016165991,0.09473711167184629,0.09427225812828555,0.0923059607455115,0.1159511403688282,0.09293284226873899,0.06922846153247614,0.06893342134067325,0.0686797038840892,0.08382567255681006,0.06907946832590421
1987-02-01,0.1081047675706528,0.10743527817824666,0.10562552320172547,0.12184831965039744,0.10577051391617903,0.08931487585762454,0.08833270712664792,0.08242781189905468,0.09827983907936116,0.08213228782429305,0.0633949043681154,0.06257198417608689,0.058838925027840945,0.07020919643696943,0.058812463449052964
1987-03-01,0.1034549954017902,0.10287775564678026,0.10140574734923113,0.1308097471956443,0.09304205846848174,0.08385544256261712,0.08298582410330008,0.07822894311907552,0.1050191243250494,0.08640372049008427,0.05767027634261973,0.05699570180631183,0.05437185318250338,0.07000116048848751,0.058155282472823616
1987-04-01,0.0906912905140615,0.08795144509779068,0.08007413919656231,0.08206793071503327,0.0721735835745133,0.06932607284803757,0.06608928718852762,0.04537345476584592,0.048403744710629935,0.05130837243910346,0.0432364544257487,0.04041729494977221,0.02595818865641127,0.030543726619408636,0.028320037849500868
1987-05-01,0.09199953570564035,0.08870027566227512,0.07919936453700699,0.07628733645452758,0.07512402933440064,0.07078254914150554,0.06691285334922394,0.04240631828928328,0.04221039125790905,0.04501548382186898,0.04462696651932888,0.04118542554084786,0.02389001308702665,0.027196737042071442,0.024996689020241367
1987-06-01,0.090989415552295,0.08792480301773581,0.07910776014888043,0.07771034039264754,0.07912354556142898,0.06965728699860893,0.06606003582270134,0.043199778591600305,0.043977068866575174,0.04288765343726422,0.04355150130297675,0.04039009303597801,0.02438404626951802,0.02805190803833151,0.02439346371897872
1987-07-01,0.08443905975815857,0.0822226411003305,0.07594621964498503,0.09898334499480743,0.06648561679867884,0.06247658383163238,0.05988000295898915,0.04357866404307277,0.06071380388244744,0.05105546760758032,0.036880584675678306,0.034770622049910056,0.0240827086612514,0.03343363189375246,0.02691443590400888
1987-08-01,0.08257286750324189,0.07996469666561795,0.07256840423844871,0.09377548713771716,0.06721558902610651,0.06046909917546553,0.0574786107776745,0.03890296321630056,0.05393399647258241,0.04257882968354167,0.03507760150187222,0.03265814205091024,0.0206256007890449,0.028881410440826684,0.02203273114335992
1987-09-01,0.08050762906178749,0.07742107394758457,0.0686873575494775,0.09350283096720896,0.05880397861843199,0.058268137253605023,0.054805842265554634,0.03375768236685309,0.04989473923845478,0.04071182199990678,0.033133512447025906,0.030356088602969556,0.016995729714181788,0.02516244001135919,0.019413455123919662
1987-10-01,0.06547459046980161,0.06252407773174436,0.05438129782310416,0.06039237805737525,0.06358829007116454,0.042954580650679475,0.039902854852081955,0.02254846181204805,0.02690336063536477,0.018059436348042482,0.02064166412777352,0.01856453555214768,0.009319441530227549,0.012436386774250649,0.008081482520188723
1987-11-01,0.06677717626124077,0.06366011466802882,0.055041565204044615,0.05973086118034078,0.05284207680221681,0.04422885316039341,0.040990935109738835,0.02259173736040897,0.026231966786031156,0.023622578838912604,0.021606632019152895,0.019360417012520857,0.00940599244088283,0.012357259909475015,0.00977177855221208
1987-12-01,0.07978509768020997,0.07674481046884812,0.068151576659547,0.07494768601241625,0.06872294753331817,0.05750334003150535,0.054101159819465075,0.03345109825096404,0.03892460032712538,0.032840167405555835,0.03246614746139389,0.02975800014029982,0.01674428651966791,0.021326092876769183,0.01663967380581785
1988-01-01,0.09054392765452884,0.08841541359363436,0.08233249217761374,0.09654736244395257,0.0888349071890489,0.06916250535990005,0.0665992439952936,0.05012024869017614,0.061855980922025974,0.045244553699697834,0.04308112597547734,0.040892410846830256,0.029510668090692634,0.037550393092930824,0.027691888120665392
1988-02-01,0.08774685484458827,0.08589067310713788,0.08064802938972604,0.09912701350616282,0.07965868373640334,0.06607707663617839,0.06383687750692159,0.04966932782732603,0.06457600793444328,0.05022778917209821,0.04018315846677138,0.03833906421658789,0.028885209018159518,0.03791787769231219,0.029215650403982
1988-03-01,0.07676184515971743,0.07475128485866558,0.06915836520644658,0.09366537481228077,0.06113613324615222,0.054333276987140106,0.05203863535662178,0.038101903630644494,0.05573039806331238,0.04416628621870272,0.029746129249672022,0.0280292352453465,0.019609262684023757,0.028322759563825815,0.02177706290837422
1988-04-01,0.0788381228102033,0.07680119018866868,0.0711104796251548,0.1026011187563644,0.06533415104169671,0.05650512811899333,0.0541598126098704,0.03978829033915954,0.06227057547060115,0.0440026416615399,0.031601557279797396,0.02980763768495609,0.02092899337920651,0.03147223621984175,0.02250592024890696
1988-05-01,0.09216045324493577,0.0895365147637136,0.08197783504783868,0.10906938326985322,0.07810744109986704,0.07096223874088305,0.06783571867808938,0.04766672631311603,0.06762920064714693,0.05035099356804582,0.04479943328777538,0.0420513338355858,0.027809601488632426,0.03890025395262784,0.02897570085703119
1988-06-01,0.10842018563314398,0.10582192486546826,0.09813290123442409,0.11641661632250133,0.10619395617976723,0.08968822595112297,0.08643054263644917,0.06406745386472457,0.07919015137152041,0.057608527459067804,0.06379195061626025,0.060571406245400965,0.0427533512013558,0.05367385555833849,0.040039236120717296
1988-07-01,0.11287113773464863,0.11044814831014182,0.1032225712600488,0.1355749450012272,0.09462985887334913,0.09499602057753104,0.09191167602047906,0.0703139860108249,0.09662043184214897,0.07772862593979948,0.06951055161549378,0.06638479610474654,0.04871183295661822,0.06478969187918097,0.052190072753252756
1988-08-01,0.12936060936786564,0.12668057043503111,0.11846468692805584,0.1486094961358031,0.11659161349042108,0.11525253394524643,0.11174979174077743,0.08582644618846974,0.11124309340328414,0.0870624518111105,0.09249415645268638,0.08857272812154066,0.06521530155854638,0.08259331578014795,0.06600613289041092
1988-09-01,0.1428351456975861,0.1408366843308133,0.1344942205575002,0.16673028623672465,0.1418721785081543,0.13241658062722955,0.12972809128779828,0.10825726924039814,0.1371976588414348,0.1010011184840941,0.11320991827649879,0.11001638527990598,0.08954333916688323,0.10976807641527969,0.08587360652129367
1988-10-01,0.15724868757811467,0.15614271939542057,0.1523541489449644,0.19313163771739994,0.1572419596734247,0.15129317047429386,0.14976711792831837,0.13573295156888854,0.17419950416052477,0.1303701412946262,0.137076151272139,0.1351447504706907,0.12125299690218988,0.14708622866729898,0.11838297246598939
1988-11-01,0.17168891566423916,0.1695985957320299,0.16255574452985877,0.1933993795835418,0.15512278553586784,0.17066126222477124,0.16782252361414246,0.14227680812172055,0.17074613487828727,0.14958771795178494,0.1625390767051711,0.15869922016492366,0.13140755918102748,0.1533046659189003,0.13574248702876984
1988-12-01,0.19976674118090393,0.19626868646923007,0.1844863708509542,0.18135332856085684,0.19064666686207282,0.20936880732931562,0.204587483752807,0.1614734527066306,0.15833318275881092,0.15439461890154743,0.21568140753459375,0.20871870283763466,0.15911252813824794,0.16503959254782308,0.1551048114850791
1989-01-01,0.22473357127048982,0.22212622767003537,0.21264673844763915,0.21377789003145026,0.21714745658704698,0.2446585042118533,0.2411722623849259,0.20433304510962896,0.20414167570822578,0.19855742169501034,0.26593998929947293,0.26041440250316145,0.21569916549669044,0.2227411733885229,0.2122684119865758
1989-02-01,0.22911935443897552,0.22619825093097834,0.2156804127413286,0.22285983955957356,0.20626720301988338,0.2509211201690472,0.2469974873785935,0.20628104953413923,0.21161614582214477,0.21589415580606575,0.27498038441775297,0.26876717297192243,0.21911350676372443,0.2296556896846828,0.22527888358278347
1989-03-01,0.25581279611799307,0.2524425530333105,0.24008793637357423,0.22979725975847037,0.2452740938771446,0.2893305708185485,0.2848427155465427,0.23625550743400814,0.22371126070236513,0.2293986660075002,0.330900593283661,0.32353009263997434,0.26246043936814667,0.26225995079683573,0.258263712887121
1989-04-01,0.2262555878017432,0.22395293257074833,0.2153882262491223,0.22353662673622188,0.2195850972402526,0.246829998214656,0.24378360820434014,0.21010363939259563,0.21659477222401136,0.20463947712635883,0.2690713406411649,0.2641555026212037,0.22306116722935543,0.23378653270946093,0.2197948479648658
1989-05-01,0.2428059687320927,0.24291433957641695,0.24163317147101937,0.2770440956007072,0.25027665600242877,0.27055958108245454,0.2710502976859409,0.2636178308833652,0.2975488561323884,0.25302842046324503,0.3034909678030076,0.3034940123198081,0.29292837357061424,0.3170928616231502,0.28612410769741664
1989-06-01,0.22400115991817993,0.2244399370960138,0.224513296348958,0.24956885057484568,0.2430110494977995,0.24361427817936726,0.2444803116665163,0.2425210120387838,0.26683062528839147,0.22133260005035027,0.2644354967837159,0.26515454294956475,0.2619587619679887,0.2804609736836573,0.24846077703083863
1989-07-01,0.20404177440833743,0.20672955076981764,0.21438720943419592,0.2894010171567089,0.21426969424382675,0.21536179085992802,0.21929499645979011,0.24663937638766797,0.32468927573841116,0.24677008297475667,0.22411816995619732,0.22931950000619117,0.2614757070094258,0.30779300863077,0.2613544718926468
1989-08-01,0.22281188252733036,0.22143000524829187,0.21578154439537023,0.2119342395543078,0.21828524036956787,0.2419196993836506,0.2401777964504534,0.2170943774084269,0.21221134356089283,0.21355344413207278,0.2619958578208773,0.25899116619192364,0.23069257890295713,0.2339071247186152,0.22857468342813225
1989-09-01,0.22847060690880333,0.22678724611431023,0.220107222214602,0.21040329463544472,0.22065673874517366,0.2499937361927005,0.24784128711286868,0.220819896510575,0.20997893325249695,0.2193955314248685,0.2736398549879435,0.2699792531353426,0.2366428700828771,0.23646672182591427,0.23585988742841807
1989-10-01,0.21899606033379587,0.21953484018144576,0.22000717695350808,0.24243917604318277,0.2262629470353651,0.2364913956892078,0.2374731168718744,0.23710377964429752,0.2589863869709327,0.22944976771965564,0.2541971825490529,0.2551245965120448,0.2540183133581829,0.2710689895073287,0.24916717409272238
1989-11-01,0.20703067573749773,0.2076178614532999,0.20843497428289987,0.2349247717711206,0.2099038516289704,0.21956505888327565,0.22055017059382076,0.22166786937407273,0.24804559233493767,0.21958439403959873,0.23006236195834062,0.23109004137811545,0.2321685540714334,0.2518167753402588,0.23084928478962136
1989-12-01,0.2047022427523273,0.20464099680299241,0.20343197690553666,0.22136979275530277,0.20290484845806966,0.21628968520382763,0.21634759062671743,0.20998540751099365,0.22751275715100544,0.21012197382365205,0.22542853237406135,0.22516917540682208,0.21754585083748518,0.23277471604296207,0.21765487456661953
1990-01-01,0.19090457314477355,0.18997884991390718,0.18625860270776456,0.21173951701429972,0.17250665659532116,0.19702198805844096,0.195815173477852,0.18075886447004147,0.20537594813527899,0.19617331411184907,0.198457318613041,0.1965738181613006,0.17957537350898406,0.19939280128503156,0.18884349210598683
1990-02-01,0.18881510376239696,0.18743074106695295,0.18231037793929417,0.2025727032499836,0.18083941767061767,0.1941270671807846,0.19227789786668192,0.17238608255260873,0.19172828094651395,0.17340977789453166,0.19445239968430755,0.1917103098411792,0.16934777469842283,0.18652087784554944,0.17009204497539027
1990-03-01,0.19340536360038402,0.19095780530328665,0.1824809209834139,0.18470398249997616,0.18247490256649113,0.20049511110846374,0.1971767480498341,0.1655386437135976,0.16754601844183925,0.1648140189398728,0.2032795802510874,0.1984512064185633,0.16244759111985113,0.17063975502027728,0.1622092316125333
1990-04-01,0.17946163179000474,0.17608808318869423,0.16502033131808064,0.16698327865272478,0.1551408599212769,0.18125046937460199,0.1766581870898848,0.13752750833782346,0.13957672431225904,0.14702797684913854,0.1768115985323423,0.17049316484554322,0.12768833948538744,0.1361723448883621,0.13333359314310994
1990-05-01,0.18710780665439752,0.18507017269806264,0.17795289012659493,0.18802807742776467,0.18791914480377686,0.19176647028636185,0.18900988879378489,0.16233643194641229,0.17184802415157235,0.15153475488882712,0.19119681488578028,0.1872353428418435,0.15736681912996836,0.16945925542941415,0.15110029830929816
1990-06-01,0.1891147744525009,0.18788665515555647,0.1832484918494366,0.2023890661257936,0.1865663195627531,0.19454185904779736,0.19291007048592435,0.17468843211939805,0.19306770230259207,0.17055642177438518,0.1950254039740656,0.1925780139281817,0.17208786753036287,0.18862576149816251,0.16973649803603685
1990-07-01,0.16558839056587116,0.1652695961995041,0.16383344970409341,0.2087840871727908,0.16033704548094158,0.16242787879241372,0.16197305692132863,0.15570169104141796,0.19951827844385855,0.15922578468840975,0.1516063634184221,0.1509836642807928,0.14505272842648198,0.17384499699605888,0.14716150030576686
1990-08-01,0.1286377119208449,0.12801253830144727,0.12610550013025634,0.19512657232253633,0.11024682898114507,0.11434633593301763,0.11341620773857508,0.10657279572462108,0.1698089419417922,0.12385527947686537,0.091429972719142,0.09051089443374077,0.08529799668228844,0.11985343515596847,0.09410819084821187
1990-09-01,0.12197081732336629,0.12087233582878526,0.11756857011302402,0.17346206789726515,0.11871247779664773,0.10606479359799559,0.10454891493084506,0.09358600709421372,0.1431860089392023,0.09224679114930773,0.08185474409978744,0.08032419324638462,0.07145646267548451,0.09894675272036219,0.0709287937411804
1990-10-01,0.12294688968176459,0.12250830716695438,0.12125711735836125,0.18769570115141165,0.12320593098953253,0.10726850629600332,0.10656609937345235,0.10197581100443082,0.16290192927992608,0.09988292450451591,0.083229215206096,0.0826136248002961,0.07973564744255096,0.11246919427291585,0.07878883149581645
1990-11-01,0.1378084496395835,0.13774610345055494,0.13750196565963363,0.1952042259620917,0.1479996034313581,0.12595496103509646,0.12575439358772372,0.1241607852277622,0.17939578617308483,0.11357419329536678,0.10529137528323873,0.10517970038177143,0.10497921590948472,0.1370676263451509,0.09933923987549564
1990-12-01,0.11500893761733866,0.11427819251223853,0.112200956861637,0.15287721681228245,0.11529940202950584,0.09757082772578918,0.09651011935586529,0.08956949942748138,0.12640618146226434,0.0864896564397325,0.0723329409872129,0.07137363744480016,0.06651036141653355,0.08765588459121637,0.06513803458863854
1991-01-01,0.10552925918387146,0.10450154318430127,0.10160291730382981,0.13473388092405458,0.10216371103495953,0.08628052222888988,0.08488139777612064,0.07586251782176265,0.10496373524865499,0.0751659836843928,0.060194129439553844,0.05895572694984624,0.05258924421830173,0.06932520059113767,0.05239279128185176
1991-02-01,0.1007615120225685,0.09932630353855693,0.09522366775553343,0.11895840763825649,0.09537335197652824,0.08073205067928452,0.07887753677105741,0.06671479976547685,0.0871730294753486,0.0663685093756064,0.05446592950637035,0.05281365258632248,0.04403939717946805,0.05664601079626167,0.04401394501699607
1991-03-01,0.09008053566486507,0.08800438743215322,0.08208192016891425,0.09356222563379762,0.08128255849448868,0.06864881138660692,0.06614742477498672,0.05010389610568461,0.05997134769572219,0.05048426106628522,0.04259440772583183,0.04047137566163972,0.029451268742787747,0.03675404982319502,0.02972008329750843
1991-04-01,0.08117214691496216,0.07923536317703139,0.07381771798910682,0.08712461809866456,0.07248978208862862,0.058973928468726074,0.056708688551023935,0.042727149769348584,0.05348035180096456,0.04351574858873694,0.03375315318229194,0.031989622983909886,0.02318184922053766,0.030056869326855577,0.02357227784516167
1991-05-01,0.07954966786351786,0.07795460620096599,0.07357138325337055,0.09590047366477389,0.07027725896944875,0.0572547297325851,0.055363563741613615,0.04395793875864243,0.06127550472951179,0.046359887125215,0.03225012994959489,0.03083209074064686,0.02390504838557262,0.033015570971307376,0.0248764692202908
1991-06-01,0.07705634740826864,0.07493829378019075,0.06902703683210272,0.08330421374032865,0.06636011762969515,0.054639918124699254,0.05223116928388744,0.03756087346301095,0.048405134120836135,0.03927597654185336,0.030005932491855843,0.028189223174092757,0.019268983973739478,0.025729530566674486,0.019957134302242482
1991-07-01,0.07638212430546697,0.07458567748897284,0.06962896119079807,0.08962333296178293,0.06837553566324076,0.05393860328785114,0.051868300555799725,0.03939703326021155,0.05442229848802977,0.04013662701804036,0.02941279879849272,0.027887935038930795,0.020454305572932957,0.028361701152922157,0.020807062005481772
1991-08-01,0.07321891208002354,0.07214588198821038,0.06939418312420813,0.09894213015731973,0.07126989214652699,0.05068190625640829,0.04937706370847662,0.042317307200862436,0.06515297497210261,0.04082335000414471,0.026708616053911793,0.02584756913531577,0.022167870283261382,0.03257732975636595,0.021719765474843927
1991-09-01,0.07200465683698631,0.0715484651328414,0.07071861969901713,0.10923531672140069,0.07264479605605555,0.04944680371591378,0.04877231818485392,0.04658924139139959,0.0777168829711442,0.04502737042407848,0.02570517320799613,0.02535979474800658,0.025016712214973546,0.03826666800295665,0.024521952688651892
1991-10-01,0.057884274029732445,0.05780539512712296,0.05824127987558612,0.11045725422905467,0.05464503218773472,0.035748578209139494,0.03547668278236261,0.03664921878210402,0.07710893311802348,0.0396320771557212,0.015470125838621403,0.015443948570741446,0.01706259288165213,0.030863853183967123,0.01805625782866986
1991-11-01,0.04459963016001537,0.04462514485927201,0.04542179638786044,0.10102248761764332,0.04344741198863282,0.024139637211961197,0.023987754166816068,0.02590655850685943,0.06610804330083664,0.027419302405486026,0.008288305626945358,0.008317600588480351,0.009903255652451882,0.020922275226963962,0.010337835560438068
1991-12-01,0.04452017209386972,0.04474348173866629,0.04618644993770824,0.09496104082257717,0.05180986062857455,0.02407446666945077,0.0240846434583657,0.02750800162983334,0.06410034563838067,0.023854028728688356,0.008252507858927772,0.008371171519422595,0.010729785843509206,0.021143903548412276,0.009758657186110327
1992-01-01,0.037271664262775644,0.03674709435010629,0.03578888982087739,0.06700374453334577,0.03205116988685778,0.018368005964286744,0.017823622566671447,0.016133871888213136,0.03528069120573804,0.01852513203032342,0.0053407159600505506,0.0051705048951019295,0.0049286333917492545,0.00975717794549161,0.0054615987095246316
1992-02-01,0.0400298994715675,0.039348086811111564,0.03791036797238479,0.0650276029240947,0.03738015940204112,0.020482304828304956,0.01979444282289865,0.01712938424846759,0.033895417918172396,0.017425031696817465,0.0063666064782350665,0.0061186955810360105,0.005471942673477777,0.010101710368966269,0.005569871738577073
1992-03-01,0.04112857868535889,0.0399154328937958,0.036888401964785746,0.05292019545958858,0.035257313225080925,0.021344431305833505,0.02023298890852656,0.014727007629018046,0.024057140600700178,0.01555946348680697,0.006803234808784517,0.006337352504129536,0.004499067623431188,0.007454046957501237,0.0047085726308835
1992-04-01,0.03286248531468819,0.031728770915571795,0.02894343662710584,0.044268168568590956,0.026984079669416332,0.01514481108307514,0.014215052918420248,0.009797284393493123,0.01755607834478307,0.010694937060741988,0.0039069178254544125,0.0035894249948246817,0.002393623239400064,0.004353388882772554,0.0025678931335703947
1992-05-01,0.03531481082227668,0.03449402093360263,0.03262968760018748,0.054615228280052316,0.03279348246903653,0.016913006159285243,0.016170898947200838,0.012979849683879276,0.025384263917981632,0.012874556694008162,0.004673329000744695,0.004420541209742746,0.0036010481556779774,0.006752287711557324,0.0036054661873364206
1992-06-01,0.03188664734175052,0.031572678083033406,0.0312527539932569,0.06730660487131183,0.029635294625982692,0.014458904931568773,0.014107117697575153,0.013673098304249667,0.0352221415471392,0.014643428000749739,0.0036233495749890495,0.003545412908405105,0.003737807951193194,0.008356084117128869,0.003945276937167351
1992-07-01,0.03093448500069673,0.030780183477473577,0.030962460945590846,0.06582601685126832,0.03282623936173906,0.013799648048884455,0.01356329687157701,0.01404669618565253,0.03554597412482185,0.013061304364745169,0.0033582866819912337,0.003326702440874386,0.003840113637221037,0.008436689148342402,0.0036684492265188435
1992-08-01,0.029026294499540018,0.029253742664112167,0.03067607943582629,0.0809617750047068,0.028986426939128403,0.012509034011963668,0.012535834085384459,0.01538233902158049,0.04875920432347683,0.016580703189011305,0.002861297042597941,0.0029276185426583097,0.004260955946459318,0.010827511910606005,0.00451154117450294
1992-09-01,0.023161964626541326,0.02342565726366533,0.024931369566497347,0.07523382953259458,0.024295733757905214,0.008815487690807635,0.008870389994121253,0.011614739790019549,0.04337258818598512,0.012071336354436933,0.0016116550327158145,0.0016655073196441459,0.002693256753027339,0.007835585759634691,0.002780580906945445
1992-10-01,0.026134772442720507,0.025935174024892805,0.025940984442506802,0.060081655846081154,0.024552861475970855,0.010634465354364287,0.010396773953894474,0.010545484796915118,0.029894245410799932,0.011336068842371295,0.0021936737507160693,0.002159011059997007,0.002451601954572935,0.0059575417371820275,0.0025964871257368634
1992-11-01,0.03279707438963503,0.03215512914378279,0.03082438831656486,0.05239642008483926,0.03120789744479075,0.015098513957349215,0.014511237249877873,0.012316144218523244,0.02456800907801513,0.012112476742896778,0.003887531230203261,0.003711213401732622,0.0032704346960340394,0.006219538961489125,0.0032542566922969026
1992-12-01,0.032369717511039536,0.03174970897878763,0.030484236937964225,0.04947664726391772,0.031130180277937753,0.014797165025911574,0.014229551632927282,0.012158424489534393,0.02304577807015258,0.011825942392467448,0.003762211822240624,0.003595352152037589,0.0031993192278063605,0.005880609424368668,0.0031588687754767974
1993-01-01,0.03168463218219364,0.03152460987918013,0.03169247521362751,0.06135325763230488,0.03161418315202501,0.014318201006506655,0.014073933657589275,0.014535099256862413,0.03310507078438824,0.014612855522532955,0.0035661557958552442,0.0035319215757962457,0.004055277320180157,0.008263042414098306,0.004091870149654806
1993-02-01,0.03673797322107129,0.0370082997580343,0.03860123596434379,0.07744745011343301,0.04020683683769344,0.01796740349529564,0.018018546560527374,0.021532689402457093,0.04960134925400557,0.020541006122483253,0.005153750590100447,0.0052617212831179965,0.007260964389560727,0.014408673338509904,0.007050912080674095
1993-03-01,0.03592927904688894,0.0360696340709281,0.03723025355971166,0.07187213838452272,0.03644773924032923,0.01736576015672308,0.017321250698748215,0.0198594976668298,0.04415166400896108,0.02045888064855807,0.004877526414420122,0.004938073583493903,0.006460232979594864,0.012603424457015585,0.006621782294356934
1993-04-01,0.03414594349602677,0.03454330075965823,0.03655699546663157,0.08192729778497881,0.03465621378195356,0.016062402850583805,0.016206490215076624,0.020553413216225114,0.05339959163597792,0.022049062346366135,0.004298383028269774,0.0044362414984840705,0.006662350337116707,0.0143878920137582,0.007021885176512501
1993-05-01,0.04057302720507707,0.04061105939586883,0.04144599739277873,0.07307550496671408,0.04186895880558233,0.020907101504295943,0.020774826805201048,0.022712223127131895,0.04544417523679484,0.022478900349583966,0.00658045080625679,0.006611260847347527,0.008050991748287705,0.014511464655864812,0.008024244224487137
1993-06-01,0.045830118303966404,0.04615362256234648,0.04792642775410329,0.08067652841331557,0.050763800390112544,0.025155763268504994,0.02524848356100977,0.029507571334971016,0.05525940178358289,0.027552093611591343,0.008853486977458825,0.00902400021680769,0.011896445137873534,0.020072687684139754,0.011380562579588513
1993-07-01,0.05008483675318157,0.05003106880471064,0.05056717615423038,0.06998240159277141,0.05195503559582372,0.02876612995576842,0.028534384596224344,0.029909751113522235,0.04543496323230137,0.02895361439786038,0.010964826571166885,0.01095700161639869,0.012449239114090354,0.018358376328651855,0.012216389358362029
1993-08-01,0.06096744678272082,0.061148637621739325,0.062412576645645104,0.0750253719686187,0.06883739129320951,0.038629278064638575,0.03859696571861527,0.041926466786607774,0.05397223587418648,0.03715069014757004,0.017477536614440497,0.017624051873071787,0.020712948956482822,0.02678686773267688,0.01913434528848373
1993-09-01,0.06171971701639494,0.06162017760050135,0.061975145964750886,0.06712167802026163,0.06270109478093001,0.039341940456373264,0.03904323090248595,0.04001810743389759,0.046186135697733076,0.03946775087289722,0.01798673093827099,0.017943620593055053,0.019547856612130595,0.023728319253612625,0.01942112701637471
1993-10-01,0.06336116065571636,0.06334988116269324,0.06398082035298326,0.07161161165904781,0.06196340429876303,0.04090996169716791,0.04069295431748345,0.042384543317631106,0.05054226828296537,0.04409800493607552,0.019124134794929262,0.019141362240301243,0.021256597242094645,0.026226220147939745,0.021895471925607132
1993-11-01,0.056653309642749276,0.05641708711194117,0.05635438882311034,0.0680432433936889,0.05076137939903615,0.03461691451594956,0.034204057064939335,0.034154077015893236,0.04452383435733216,0.03878147091567742,0.014704445896968,0.014582855652465379,0.015435169855858674,0.020484701884570012,0.016900061259860565
1993-12-01,0.05380000862834058,0.05336168375042092,0.05266813702092547,0.06104774603171288,0.0516195324749803,0.03203572243569951,0.03145279966072875,0.029954659073221115,0.037563615246966754,0.03070748343863395,0.0130083355352691,0.012779345924364503,0.01275471482003169,0.01669461619214507,0.013025243398392948
1994-01-01,0.05619668420257433,0.05597755632390438,0.05597062594789935,0.06581063841910915,0.056631862471967935,0.03419986529940852,0.033804045531332004,0.033891059641669816,0.04296759851375277,0.033413322089584696,0.014425618024149897,0.014315654947966232,0.015239316449851166,0.019870569135458812,0.015143500225596468
1994-02-01,0.05775570576827805,0.05707437322732389,0.055610867579955876,0.06358779697873014,0.04975737386983718,0.035629881110678434,0.034804851840063794,0.03145223544260153,0.03873030361110987,0.03600426503035104,0.015389198170517444,0.014987296334714144,0.013916541073067855,0.018006023719438116,0.015333775796592022
1994-03-01,0.052843229215333444,0.05121541657419534,0.046931386378915196,0.04502139896328716,0.04206297319804054,0.03118363404835564,0.029562263840036917,0.020771828910986747,0.02128014142717796,0.023761082734604394,0.01246422510946324,0.011587852985932713,0.007774118707545581,0.009332436776231147,0.008587248104229091
1994-04-01,0.06337777942016212,0.061152370732709134,0.05506528623027467,0.046581373494289854,0.052465009369296996,0.040925927271081866,0.03860049283360525,0.025235315051828383,0.022224600157834732,0.02669184105952479,0.019135834945194184,0.017626570140548612,0.01070311302511695,0.011614887099146508,0.011193536197612531
1994-05-01,0.07132312260835841,0.06919434782894425,0.0633081730706675,0.057942832642670944,0.05990374610205945,0.04875730309449461,0.04640996210561535,0.032445413073340416,0.030995680555582057,0.03461459123306354,0.025150420110548438,0.023483296917344822,0.015508816119578573,0.01736314708000815,0.01629388170755902
1994-06-01,0.06646730756849759,0.06405085880291754,0.05738799509975365,0.0503722115617853,0.05419550756959442,0.043924758765274526,0.04136714233517656,0.026495500922451273,0.02423801409186763,0.028331790319702645,0.021375032692484364,0.019638148936237696,0.011598603374901812,0.012869296803612484,0.012219527510333806
1994-07-01,0.07507300226990012,0.07295119397177784,0.0670486462421299,0.060268294917751354,0.06901062447598148,0.052584013190955584,0.050195556696055826,0.03576546142760912,0.03340773896994153,0.03428179151832094,0.028277900280217018,0.0265124659064688,0.01792067694088537,0.0196519252810193,0.017507034560196612
1994-08-01,0.07955406027604817,0.07759870847009773,0.07214175440538727,0.06950775444106262,0.06894378131444147,0.05725936538167325,0.05499135777363983,0.04107721974770095,0.04127179992005762,0.04327842615133409,0.03225415371352801,0.03051416342053457,0.02188155206086513,0.024819072986474722,0.022767275821095383
1994-09-01,0.07832260949000962,0.07569589144374562,0.0682972024068671,0.06163580491457508,0.06252781099859892,0.055963723149733274,0.0530131656379716,0.03501175852099178,0.03273682198613039,0.03888899668146487,0.031135713602992283,0.028841987769168194,0.017667335331966055,0.019513578729478172,0.019073994240819542
1994-10-01,0.08443356937361385,0.08184428405987071,0.07448027440149439,0.07121161386340098,0.07047142228874115,0.06247065220128628,0.05947575302197951,0.04072592623662277,0.04042237469425406,0.04340667955615194,0.03687521618665308,0.034412142020676384,0.022051070388771132,0.02498412842923316,0.023131889380525565
1994-11-01,0.11396224234399505,0.1100770423472941,0.09856210308422214,0.07375924309802645,0.10072809079576278,0.0963081453982354,0.09146898931285802,0.058853645282618966,0.043933119937567655,0.05679345178753541,0.07094499490716721,0.06590980321987941,0.03896955668901148,0.03670519489167772,0.03824974622495694
1994-12-01,0.13232707011819428,0.1273288808762456,0.11231902330431393,0.06841360406659122,0.1163545499443055,0.11898739692346877,0.11256020222905572,0.06834088841749407,0.04035816853405659,0.06470727886615354,0.09691285446847697,0.08951395833114728,0.04934593094990155,0.04060578066641407,0.047860830969253115
1995-01-01,0.13478759884092978,0.1316545925519345,0.12201041566363957,0.0973236777221782,0.12049793736322512,0.12210461940521328,0.11800036941184366,0.0874963568250628,0.06994557239839519,0.08833259601360055,0.10064006711461132,0.09589684925813008,0.06761872190774558,0.06443565684102506,0.06823720693298747
1995-02-01,0.13245937785240286,0.1311440727379684,0.1270388520211258,0.12559915698835888,0.12824852450542834,0.11915457530403634,0.11735539386411237,0.10342282644614764,0.10402328196722715,0.10193442219738325,0.09711185296883551,0.09513434764111367,0.08284766127809301,0.08844961069890267,0.08222944813792715
1995-03-01,0.13341843236282608,0.1317282899750869,0.12645637981155955,0.11725879745855738,0.12749696117140685,0.12036790193119046,0.11809354022611329,0.10051366929710898,0.09454791320646344,0.09915996789688569,0.09855917403537107,0.09600712308936021,0.08012519097824122,0.08255481082126132,0.07959340574187512
1995-04-01,0.1335149602888197,0.13265956725962408,0.12997057566248987,0.13241013636566534,0.13021674762527957,0.12049016811837632,0.11927226956841164,0.10976210249217322,0.11381205116176862,0.10924319613510125,0.09870531593973686,0.09740494806030026,0.08938924627133793,0.09660220920272156,0.0892466383379284
1995-05-01,0.1534483798012266,0.15496305269221294,0.1595883794320534,0.17700958600261002,0.17623495851929505,0.14626882744603564,0.14820273143438334,0.1637634861332632,0.1830183038631003,0.14599479726604903,0.13062423478078622,0.13314205834960668,0.151199466406727,0.16552748089948416,0.14087075038857688
1995-06-01,0.1459691262747762,0.14708185521282885,0.15050531361674468,0.16105154349682976,0.1530759025932113,0.13647834065474074,0.13783469181484354,0.14897530801632503,0.16130585222495558,0.1460977314587647,0.11825636306293391,0.12003967822693923,0.13316121759804056,0.143963645612808,0.13156134011176562
1995-07-01,0.13278727062282902,0.1335798249469825,0.13614315275047634,0.15491653393187627,0.12936781775533496,0.11956910423808992,0.1204395398343463,0.1284859106252706,0.14861810482501747,0.13604777947860525,0.09760572272033413,0.09879411214920392,0.1084322121543691,0.12293945852027738,0.11249122972267911
1995-08-01,0.14023579820873816,0.14058426584225475,0.14161953747168177,0.14161688505659664,0.14886628399666102,0.12906686860216093,0.12940257778586117,0.1321384941398967,0.13415571941935195,0.12451287953325318,0.10908771345008084,0.10961823025898154,0.11384629769485083,0.11963405159153911,0.10973822054902899
1995-09-01,0.14921680618591088,0.14941668820057502,0.14985624578578088,0.13849058312602042,0.15509559574415593,0.14071320713167496,0.140890746105779,0.14146738357871286,0.13245386175329588,0.13574790567527523,0.12357170178059107,0.12386994289205111,0.125754982468453,0.12584433466450118,0.12262558556025493
1995-10-01,0.15589561687516673,0.1570344792392967,0.16040147101821528,0.15756062077315974,0.1635949079877766,0.14950059710583802,0.15095178130881348,0.16191657246696967,0.16082300905421815,0.1582770386860044,0.1347664495747215,0.1366656190088928,0.1497352274343801,0.15345338488845783,0.14764527247117204
1995-11-01,0.1607878897942417,0.16303030957701137,0.16993234117137218,0.17829764494693956,0.1746644847537781,0.15600075634324884,0.15896202013155641,0.18311962423395445,0.19346387313245145,0.17773184558830118,0.1431816429038389,0.14704261323763446,0.17484109674230414,0.18385640391311509,0.17158469844810087
1995-12-01,0.15596637428931415,0.15751164694235242,0.1621997739032483,0.1530002782237609,0.17008512324299868,0.1495942375929023,0.15158640501009146,0.16739750851828772,0.15995202504280354,0.1586266660310322,0.1348868920319798,0.13748185058713946,0.15587027027898215,0.15574985233560046,0.1507611263569651
1996-01-01,0.1378629449191649,0.14006808171552515,0.14719830070853207,0.16427193287828673,0.14211474981004618,0.12602465066797763,0.1287374491043859,0.1533226821007318,0.17310873585590802,0.1595317512690118,0.10537603443582527,0.1088057415642088,0.13594902831628586,0.14962861504709513,0.13932505230878794
1996-02-01,0.12185351266167993,0.12235025226187807,0.12409504239692898,0.13047928043925944,0.11499196216841417,0.10592033824911012,0.10637083062542246,0.11159897152890863,0.11994782303256468,0.12161244712029246,0.08169020293825402,0.08239126578277,0.08901241868023052,0.09740894262474314,0.09414420881697266
1996-03-01,0.12129026287446404,0.12078266149522404,0.1193335597402827,0.11341044219339946,0.11604191558552568,0.1052273448068689,0.10443860057542237,0.09926282180577684,0.0963374963605127,0.1023897166556369,0.08090207239838032,0.08019947928368704,0.07680354240893333,0.08006431475467829,0.07846639183278147
1996-04-01,0.11573917023763541,0.114421718357126,0.11051444502218633,0.09891681904463095,0.10588522845372533,0.09845401852522384,0.09668347379538794,0.08421603197566496,0.07688425620799359,0.08836295143247191,0.07330809803896016,0.07156362889202192,0.06165197245741193,0.06285322100834638,0.06374874401464045
1996-05-01,0.1162893016265284,0.11408746866097541,0.10748092428021255,0.08484390070666642,0.1059392084210346,0.0991206068349933,0.09627987188935688,0.07605742648240038,0.06065928927068969,0.07706368128275391,0.07404644531046595,0.07112150515866238,0.054285403188103584,0.05172637030065025,0.05491246822077649
1996-06-01,0.11994047086804555,0.1182730645439336,0.11324181839807879,0.09476165450329938,0.11392608082741362,0.10357085884631817,0.10136233235701753,0.0853497453105338,0.07246394719466603,0.0844167356585433,0.07902643188557418,0.07674245321015723,0.06334796837846604,0.06199520766124339,0.06304882570733217
1996-07-01,0.12366447617311627,0.12197666634818621,0.11683692455386469,0.09842226153730388,0.11471996878292062,0.1081553991787062,0.10590960950363082,0.08933833263798491,0.07628891358922772,0.09099308195095634,0.08424576353394059,0.0818666814053729,0.06768154344863588,0.06631416140026773,0.06864282789373648
1996-08-01,0.11598445527987239,0.11397663245518702,0.10795908582360342,0.09105805199779676,0.1034864799063473,0.09875109835059165,0.09614612702457026,0.07759146799923394,0.06642076734010964,0.08132960273506551,0.07363691043846814,0.07097515937820058,0.05562948226018516,0.055111703951830696,0.05751963227237202
1996-09-01,0.118076423988278,0.11652146760032822,0.1118569159926816,0.09614306141484968,0.11508759628453419,0.10129321857797952,0.09922795758847885,0.0844041543102963,0.07376241995227079,0.08122964289957102,0.07646677434510352,0.0743679410224743,0.062183517414999286,0.06188111050383498,0.06080451517832118
1996-10-01,0.12592392655196022,0.12552110606207545,0.12434709355014195,0.11752507058250183,0.12871242978403796,0.1109585800644276,0.110303696647303,0.10588767411732641,0.10203030801621443,0.10143978851571234,0.08747981114962233,0.0868995591721527,0.08412114341680005,0.08699041504450356,0.08195088312104126
1996-11-01,0.13952779630959633,0.1395332221105719,0.13948230917665,0.12514798524276416,0.1476141778121075,0.12815756517637744,0.12804901270191227,0.1270801248547609,0.11579217120792196,0.11868011375650495,0.10797506139511232,0.10796630315614364,0.10837823022958298,0.10735052528322803,0.10389792871048664
1996-12-01,0.1300785928733305,0.12905479966215316,0.12588391389304704,0.10706346582635479,0.11959991426423516,0.11615411746450854,0.11472398159121805,0.1038208342801582,0.0895863349735801,0.10994156905266761,0.0935560260843809,0.0920393779169435,0.08282332632119227,0.0807024847580406,0.08606079804371258
1997-01-01,0.12191558582272194,0.1209137636447426,0.11791089581626418,0.10583074429665784,0.11364751155509023,0.10599677296072946,0.10459988707167861,0.09456076439761507,0.08645385196672745,0.098516225646672,0.08177725462157143,0.08038183614968647,0.07238077960133903,0.07325990153094651,0.07445355291380283
1997-02-01,0.12736456499521664,0.12585913408986282,0.12123226694546246,0.0997348302763087,0.12153477101469518,0.112754199481295,0.11072485219299677,0.09546401281353178,0.07951806021028718,0.09485434362240153,0.0895679312905786,0.08738600012494069,0.07415918455850484,0.07130019323486272,0.07400460640086091
1997-03-01,0.12366066844788975,0.12129864309984267,0.11411443764532347,0.08869739530377857,0.10774716192001876,0.10815068872943723,0.10507370911074487,0.08259257374135037,0.06463808559306049,0.08810060541950104,0.08424035591485934,0.08091818798789813,0.06133081012194314,0.057619115814710194,0.06412983221972206
1997-04-01,0.12804902047539485,0.12614601836109024,0.12029351753060008,0.09615814628331337,0.12263295865551732,0.11360953576857208,0.1110825689810207,0.092108934567673,0.07432729929368055,0.08961004259172456,0.09056704586177783,0.08779971617583876,0.07102701793734605,0.06734103716830342,0.069946101314655
1997-05-01,0.1222052659811459,0.11996739491816,0.11317613392583542,0.0848396407208864,0.1140302237460461,0.10635364003011916,0.10343691815764822,0.08219288019753085,0.061984564838175535,0.08106489687903234,0.08218401535241732,0.07906939043545774,0.06074621235052762,0.05582682056325739,0.06037262747772072
1997-06-01,0.12897184649306082,0.1273785350485322,0.12246126777254634,0.09835626638033257,0.12327997028717735,0.11476500006871676,0.11262232545327389,0.09638872965719525,0.0782592212186501,0.09527900933040273,0.09192123568060645,0.08958621454919741,0.07532473052181994,0.07136744274935512,0.07492105134438376
1997-07-01,0.15211267763361996,0.15165210192663342,0.14995728580398365,0.12004835790810936,0.1629625118960515,0.1445106754368506,0.14382906247626592,0.13701394472359596,0.11092438012171435,0.12379001699786973,0.12838287643375407,0.12757804757200658,0.12156741666536103,0.11257304986278277,0.11423757060609113
1997-08-01,0.13771329656068865,0.13647272420519085,0.13253094724247194,0.1058817159561094,0.12464269645077136,0.12583329679084926,0.1241247749394847,0.11045015128444013,0.08916247581122771,0.11827838400730006,0.1051436169765953,0.10321142244762771,0.09085692079736085,0.08509028325743484,0.0950637291702171
1997-09-01,0.14172427248949937,0.14066742736110532,0.13724377231850832,0.10596204992828018,0.1424584261836696,0.13098286948341364,0.12950980229763243,0.11731536677539206,0.0914777382243459,0.11188165846664272,0.1114411113285878,0.1097493450611775,0.09864744399651504,0.09026214807137367,0.09587300215609978
1997-10-01,0.15831510812491917,0.1581777411304121,0.15741884460409777,0.12509540856040635,0.1639201895800288,0.15270881002957554,0.15247313890321623,0.1487275116190599,0.11958045576119325,0.14161453397745505,0.13890616115000665,0.13862407741683347,0.13568446053704503,0.12460235151046911,0.13171047157051347
1997-11-01,0.1724002624205369,0.1713652144772828,0.16758024764157903,0.1131108705215334,0.1736679140090689,0.17162588374907756,0.17022008012240697,0.15560135704832256,0.10571810864142556,0.1487903574896695,0.16382970228212956,0.1618833993217812,0.14646064312450557,0.12310424393480457,0.1426181390756242
1997-12-01,0.18112375036250544,0.18087736006721955,0.17944279047490808,0.12843397013156133,0.18161285410093708,0.1835283848499284,0.18322729006789662,0.17658462723094742,0.12774276737806833,0.17379985660492653,0.17991063524597922,0.17936237839333669,0.17240463601357314,0.14887933831986588,0.17081560560065168
1998-01-01,0.17197557843759725,0.1729337166977446,0.1754801229840915,0.14315679587565416,0.17658265522163008,0.17104987914925712,0.172353688426023,0.18027915039810027,0.14909778897783843,0.17885409081844617,0.1630587924433562,0.16472727654471525,0.17443293096106893,0.16092860139336473,0.17358408391881808
1998-02-01,0.1764813630717434,0.17682580876567722,0.177337228417506,0.13617367991692547,0.1766695691977464,0.17717773582073676,0.17766747532779587,0.17811760818505334,0.13848336273372647,0.17858859331595817,0.17129553996333857,0.17185046457609848,0.1730545401431952,0.1548794880889876,0.17336551552184087
1998-03-01,0.17127402651230267,0.1708402646643517,0.16895910150048343,0.11991980997863727,0.16997732579096775,0.17009908313470218,0.16950702875595303,0.16153221033345488,0.1158202676033453,0.16005160910602617,0.161787820518691,0.16093511431401974,0.15289971245032624,0.13177279751314624,0.15212716921820363
1998-04-01,0.16655118358521603,0.1657687630682918,0.1628594181037717,0.11165982309913852,0.16317593053637736,0.1637225033341571,0.16264564864626807,0.15124350962711447,0.10457595989187696,0.15050450060968518,0.153315276018827,0.1518668888590694,0.14028988438297957,0.11895000828738089,0.13998014316840124
1998-05-01,0.17835043186452187,0.17784822879089812,0.1756473810184513,0.11834054731984822,0.18036637402994676,0.17973016619846738,0.17906783894564704,0.1697742217674858,0.11556446450875446,0.16426547880937592,0.17474874886842845,0.17373697236745317,0.1639163348338138,0.13728616348697642,0.16074332571294186
1998-06-01,0.19023428305667106,0.18957426368838215,0.18669813279658326,0.11621196016635421,0.194078709430203,0.19609261420388874,0.1952528733342373,0.1832175647628828,0.11528519638269347,0.17474364625672223,0.1971701289995057,0.1957993505443441,0.18228751351270817,0.14643432178052418,0.1772501625287179
1998-07-01,0.18244638431881777,0.18195834712761633,0.1797411351096454,0.11809768402743603,0.1762892298030097,0.18534429513146278,0.18471539845386264,0.17525002064824813,0.11639953431918199,0.17868647767485407,0.1823880309984247,0.18138273255549853,0.17117747705104447,0.14142593385839602,0.17329677061925713
1998-08-01,0.18606305714452348,0.18799092983312038,0.1934622898197207,0.15234803294481553,0.2017132647791665,0.19032413397784953,0.19305470306701078,0.2119305876266564,0.1698866873377195,0.20231452508528175,0.18921223866433112,0.1927766250544135,0.2149870399029426,0.19351973590653498,0.20900636277130435
1998-09-01,0.16919381424065644,0.17260138048682655,0.1832343069322414,0.16484896454682008,0.1913461073456179,0.1672852254830196,0.17190123471236368,0.21064414275831622,0.19256896071616986,0.2012509651527945,0.1580378946911838,0.16412340870658837,0.2088536850374233,0.2005432670961475,0.20298609366937698
1998-10-01,0.14519560051424446,0.14870093217432784,0.16008126754542978,0.16854203647351723,0.15199078719625725,0.13547351896870563,0.13995247450954207,0.1810270650838285,0.19260471076559083,0.19163754656270326,0.117003154567631,0.12269106849168593,0.1683431273033708,0.1767104930876086,0.17423010181024434
1998-11-01,0.17001300711334671,0.1722961500007768,0.17918634594969912,0.14683680587823272,0.18777610567138375,0.16839235774172595,0.17148586397896964,0.19570420245498227,0.16343369991069767,0.18586571937608692,0.15951126125051995,0.16356940836798356,0.19171454550226524,0.17633195808712654,0.18571503463162797
1998-12-01,0.1671053294566393,0.16912494621179164,0.17519566805946712,0.14071478917461855,0.17616388259569687,0.16446846523409592,0.16718072703093417,0.1882541488838148,0.15416691670994342,0.18714798802710209,0.15430170987481545,0.15784896064394066,0.18235675592240141,0.1662677012363023,0.18162001928923965
1999-01-01,0.1671450946179293,0.16892472507056505,0.17420943809601785,0.135371064778738,0.17615554134812034,0.16452201808203187,0.16690955696304127,0.18501739566752978,0.14667613793697404,0.18274729614844148,0.1543725754028376,0.15748998194023767,0.1786508355041046,0.16026733590143438,0.17724696869867046
1999-02-01,0.15460257657880738,0.15433421117443485,0.15321212410881457,0.10678983228009287,0.14242783128494335,0.1477913535735177,0.1473701007490109,0.14244985710099078,0.10055243490969806,0.15432635871784123,0.1325721353702024,0.13207880487187296,0.1279932827728878,0.10957867668896559,0.13467691826472522
1999-03-01,0.1401901602367609,0.1401566048835014,0.13997304206511296,0.10564581371382581,0.13686489459189816,0.12900821452981814,0.1288514647365337,0.1274225499172672,0.09767789976873292,0.1305613240147389,0.10901585973254957,0.10894491514878613,0.10887362588478716,0.09774494895715397,0.11064808616611321
1999-04-01,0.14304244795695809,0.14279206079783563,0.14188313021117593,0.10422249108618925,0.14113688015251974,0.13268448117413217,0.13225542716566013,0.1283211213404039,0.0955765825985419,0.12887462408277656,0.11354116539478765,0.11311928934958754,0.11040528476449712,0.09764627792570124,0.11080164603503734
1999-05-01,0.1435097915114542,0.14189565212337352,0.1367224637113189,0.08606143231949354,0.1340506914774266,0.13328884234123073,0.13109556099913328,0.11322957777692727,0.07142828720573191,0.11549476772539424,0.11428927005240214,0.11169274844543514,0.09476267042285691,0.07738882893688058,0.09612202049931606
1999-06-01,0.14235279706508297,0.14111140598615618,0.13710582541332605,0.09516910049937605,0.13168482681675997,0.13179366110866175,0.1300825596881231,0.11598794218437475,0.08107790420939692,0.12121721220324161,0.11244059359254671,0.11045034637057793,0.09739384132702977,0.08393629236838368,0.10030521368134965
1999-07-01,0.13365349184237607,0.13175213090693932,0.12583091944685232,0.08206932912312964,0.12321205192365386,0.12066568426300417,0.11812368418300667,0.09855891170962111,0.06435495324620735,0.10067550516757934,0.09891520059476894,0.0960428072317242,0.0782321604141225,0.06556211389251519,0.07947245904952138
1999-08-01,0.14611337169227345,0.14440966893772023,0.13892521045486445,0.09302568699467395,0.13757053711966288,0.1366658825426898,0.13435375112745224,0.1153563443406816,0.07744710254155887,0.11627765357295344,0.11849060801364575,0.11571079227421688,0.09744114240275514,0.08237173790082303,0.09809794986067777
1999-09-01,0.1391975894639172,0.1377404821678292,0.13310934627610127,0.09270167322690986,0.13233636103684293,0.12773392986624382,0.1257471898138675,0.10982315154284311,0.07693602328368065,0.1102170476024123,0.10745762877215165,0.10517097976646156,0.09048909951093309,0.07833958555420331,0.09084868514313377
1999-10-01,0.14945668146396207,0.14794637571706643,0.14301180412953385,0.09948321131699028,0.14094469474630722,0.1410270103519659,0.13896469627998015,0.12153682393976534,0.08492891528532764,0.12321661565092101,0.12396769079488928,0.12145276230370144,0.1045310867187848,0.0900852198653661,0.1055969474950404
1999-11-01,0.1574538774441705,0.15604717303229515,0.15132114193316537,0.1087651421666388,0.14782867754978568,0.15156536115466523,0.14964029448672528,0.1324915709974574,0.09570907865293554,0.13569710703804483,0.13742760763793438,0.13498215275941416,0.11778796980706885,0.10303914624856286,0.11971592992300834
1999-12-01,0.1550445754594023,0.15291868052465263,0.14601352602962653,0.10034619314056942,0.14126669083135468,0.14837520153207384,0.1454991667665188,0.12145083504447057,0.08343368854852251,0.12575016563251207,0.13332078591796442,0.12969650324607412,0.10550190531904974,0.09040640185615978,0.10802336959508985
2000-01-01,0.18149459071569313,0.17777579985617636,0.1656364912725255,0.09033486900032667,0.17029407820089232,0.18403724155966883,0.1789685761331566,0.13626727478253792,0.07292555737444181,0.1309750653909424,0.18060424318478135,0.17360312520112775,0.1266805419418806,0.09544346582846946,0.12388488519488805
2000-02-01,0.20380644390288283,0.19934620770429334,0.1845982680066759,0.08503488103518664,0.1966130037539608,0.21503130185007596,0.20889970008992098,0.15578058430700137,0.06987270741283459,0.14324399368857155,0.22365171549060026,0.2147295460399331,0.1533509869939429,0.10571698836648435,0.14607383095877546
2000-03-01,0.23734438972638638,0.23372012027450773,0.22090848690922066,0.10360055207955882,0.23281748461709223,0.2627070782800333,0.25779490975249775,0.2085953666895558,0.09714728261305927,0.19500459815800397,0.29206531245152423,0.28431425935600985,0.2238974948633906,0.15688890180589193,0.21551274328736114
2000-04-01,0.227151494996569,0.22207316033366525,0.20504816375728385,0.0838907224658263,0.20319999586049287,0.2481091373379315,0.2410964464583184,0.17838165966358532,0.07087564969138106,0.17910491403881557,0.27091756557756286,0.260305869081344,0.18497974087520197,0.12052359716385236,0.185746866135103
2000-05-01,0.22408691615716364,0.21921372325839822,0.20286011225134032,0.08649855546594437,0.19970954833991383,0.24373651950656844,0.2370151781004356,0.17678843830649538,0.07337595330893555,0.17891467526144128,0.2646115739978133,0.2544705639738448,0.1824050307950934,0.1212805629429623,0.18402272383362467
2000-06-01,0.22615293889357513,0.2239315956732364,0.21562001640724743,0.12036484536235187,0.21461719452334932,0.24668348394988499,0.24375308874027912,0.2109775753518654,0.11814170792027762,0.21122613209147878,0.2688599497762195,0.26411174785325175,0.2240967857608137,0.1708608958406323,0.2244029697407628
2000-07-01,0.2458325598921285,0.2447423864161523,0.23963203145309997,0.14521269762837885,0.24208794079130735,0.27491920324704455,0.2736924355998101,0.2518477337489986,0.1546565250869062,0.24822351214803573,0.309846313296245,0.3073269191736405,0.2792020035739159,0.22203885616884517,0.2769357872776421
2000-08-01,0.2626686647682084,0.26265063007927403,0.26064309707486344,0.16470511605559746,0.2682580516974682,0.29925693910417395,0.29966887017721355,0.28908389976021487,0.18661299151218153,0.27948550774227215,0.34542959293779113,0.3451225219993752,0.32987223655555575,0.2681923763131556,0.32364167816158007
2000-09-01,0.2325474943333965,0.23425804144889062,0.2382666721581726,0.19088148989989417,0.22678044630880645,0.25582722023383947,0.2585687888614361,0.27153531080329996,0.2202959830832067,0.28542524560556926,0.2820818213155267,0.285431430494537,0.29985691128105263,0.2712325982623143,0.3084135739909154
2000-10-01,0.24608137102044142,0.24826068291254877,0.2535552429427793,0.2028735155693817,0.25899881745285275,0.27527784070002187,0.27878310161893094,0.29659375843063196,0.24070681867072158,0.289758928535873,0.3103694606408961,0.31471942101900185,0.33454791203996315,0.30206969552537644,0.32996534596080934
2000-11-01,0.2457867422634033,0.24961984124966252,0.2603000124344398,0.22789976556618036,0.26797960782198094,0.27485316540130555,0.2807515408969933,0.31981202800412933,0.2828539013164154,0.31042853327360187,0.30974998865732084,0.3175803199692343,0.3630752987273681,0.3404879203347422,0.35673554248580014
2000-12-01,0.21963841978939214,0.22467798556483987,0.2398323919129816,0.23826839440261544,0.24389943450691443,0.23740424085482187,0.24482093847259184,0.3020915179026066,0.29987889493352515,0.29735648880730914,0.2555068370608924,0.2656431239014567,0.33355288525722504,0.33104887065651445,0.3301174614676519
2001-01-01,0.15407797974457077,0.15709514745104863,0.16667913152898411,0.17375331097099567,0.16340887850293578,0.14709897169090896,0.15103244079925388,0.18535452671204294,0.19492563312085093,0.18961438218914634,0.13168552077819962,0.13676930261375658,0.17561077331672664,0.18343151672736357,0.17793787981994452
2001-02-01,0.15662941601721314,0.15984799623843776,0.17006407819810337,0.17245770501023278,0.1767635219042537,0.15047224707180928,0.15470092289613285,0.19154391281480315,0.19616519670583354,0.18391445919729804,0.1360173461288547,0.1415025801600126,0.18333785399407926,0.18824347099641525,0.17867373349547444
2001-03-01,0.12189608197871482,0.12401702296736966,0.1310997876765314,0.13803116173859198,0.12831039198242955,0.10597275526512628,0.10843412679017178,0.1323823008382103,0.14223791851093065,0.13582009036479886,0.08174989816741585,0.08474867639916583,0.11005818434816211,0.11832575313214261,0.11183628226607856
2001-04-01,0.09662731451655687,0.09717643588979269,0.09937080786707825,0.09982662723574554,0.09309514434407656,0.07599627006131841,0.07641636725397642,0.08296791510596019,0.08621648228024381,0.08951483957071299,0.04971069591601454,0.05035292517566729,0.05748186097055425,0.06247959157284793,0.06049511719161785
2001-05-01,0.08228103786175828,0.08214294813600381,0.08224981734711623,0.07728838189372807,0.08147291968018144,0.06015676402610804,0.0597947946345834,0.06002018032832642,0.058714273407250106,0.06068881154220863,0.034799617802114234,0.03469496566113957,0.03620662355641641,0.038785456836319745,0.036553150736737004
2001-06-01,0.08583118372050225,0.08556227433487462,0.08522510815969897,0.07585052054049012,0.08556847885138325,0.06398539342918172,0.06347986529303594,0.062404793726006075,0.05756235387162648,0.062054091412701524,0.03825394593593776,0.03801273802032493,0.03855165762888504,0.039817396896973035,0.03849124252942046
2001-07-01,0.08989421482748244,0.09108489455264851,0.0954585201090914,0.10551111657647028,0.09695998096805486,0.06844254593487133,0.06955321013427351,0.08295795993207039,0.09521420840919859,0.08160856755213614,0.042399445374407124,0.04367714552077858,0.05633754752113179,0.06472441570910975,0.05576663140706468
2001-08-01,0.08884097331471957,0.08987770327806366,0.09375036329921316,0.09734843290483297,0.09673188957852663,0.06727960970743786,0.06821320362164413,0.07995648332410643,0.08626897722455712,0.07718166041682581,0.041305330512872204,0.042407079856812364,0.05356412166471395,0.05941690497053121,0.052373003355369714
2001-09-01,0.052782113209277795,0.05375443748785451,0.05769223414774067,0.08104332776950607,0.054444647752948536,0.031129439279763187,0.031802564772560354,0.04212417861043895,0.0639018240918513,0.04530951432368603,0.012429889620260662,0.013004116374625794,0.01997288446810113,0.028421380802531662,0.021027465019413688
2001-10-01,0.055956309318401835,0.05687497837057166,0.06061257626537123,0.0717380315071845,0.06692070196998413,0.03398092542102656,0.03462226552704288,0.044558758147786,0.05647430522973042,0.039621044335083636,0.01427996985901382,0.014863989324071576,0.021890453941030032,0.02765297353575258,0.020243631345609334
2001-11-01,0.042821347167258064,0.042671876375954994,0.042903961805388746,0.0448160468910734,0.038658089662834634,0.022694252284283248,0.022406252833660937,0.02305077452315984,0.026209131246338283,0.026234995710540967,0.007507376135861348,0.007460440777517732,0.008353942495854545,0.010385866424247768,0.009180034740310605
2001-12-01,0.03903169084626744,0.03836270849490319,0.03696325443033695,0.03316074942091357,0.03488127908259799,0.019708763591833548,0.019040063561418033,0.016483701190735275,0.01599087597598049,0.01772753506706614,0.005983762954069486,0.0057490205572571,0.005151437875167838,0.0059717106721600376,0.005452201331797925
2002-01-01,0.04210227297642237,0.041204690189407964,0.03911257340907325,0.030602039113521277,0.039221308493067444,0.022117709649609768,0.021240780016366013,0.01728083794707612,0.014353476086250545,0.01718646177281791,0.007203597898706037,0.00685008135023997,0.005629991984815305,0.005923918939081853,0.00564316223058358
2002-02-01,0.04175218286235755,0.04123561251753747,0.04030871853903848,0.037583157212523144,0.038521032298148815,0.021838690527024987,0.021265140784711204,0.01952178865298741,0.019675114195127956,0.020667164584399968,0.007058195029994902,0.006862649768418939,0.006621073411026662,0.007753944366573977,0.006924843581422232
2002-03-01,0.03998706901125627,0.03847639382980228,0.03459643914082267,0.022317716264464084,0.03196375572482531,0.020448922404670347,0.01912662130218256,0.012402130475542091,0.008281743217104624,0.013677055420063464,0.006349909174408311,0.005791018340861267,0.003530154721894987,0.003357686146534705,0.0038116246714518785
2002-04-01,0.03960204388210953,0.03881254938637158,0.03704686500771522,0.03220669000652178,0.036455624981184,0.02014960022665604,0.019383293197202806,0.01614074731448963,0.015109297969683412,0.01645416983295437,0.006200898313425596,0.005916196243670004,0.005030538199548329,0.005722928782533917,0.005130044422433004
2002-05-01,0.03814013900440183,0.03759882551356533,0.03659059209331797,0.03632319968916005,0.03482726480744429,0.01902586154334697,0.018461717569850915,0.01665592389156424,0.018077208237429202,0.01772809660432276,0.005652936912658165,0.005471228755872009,0.005185305203204452,0.006437914765207171,0.005447161176104136
2002-06-01,0.03563652502122797,0.035657181652627885,0.036424906180763356,0.047480694045043646,0.03486607029120093,0.0171495761159052,0.01701766419379587,0.0187175805765708,0.027318591534656204,0.019819655692954283,0.004779628558978893,0.004799489115099513,0.005945084139137158,0.008782490897058013,0.006214646542379448
2002-07-01,0.034459149769578215,0.03554741924729917,0.03997459423108685,0.0820030250365475,0.03836620334281028,0.016288946292358265,0.016937164775641673,0.027240247104811724,0.06272411021379276,0.02883500399023902,0.004397123428125733,0.004762980965233401,0.00979989224206286,0.018884978005150804,0.010212138578719615
2002-08-01,0.04241144642015874,0.043743547800611175,0.04900084316638118,0.08338432835894644,0.054041712481689284,0.022365034277187296,0.023269783838601423,0.03658135055090898,0.06810072566103235,0.03271575120575534,0.007333365142384071,0.007924407623694745,0.015517492838118412,0.025347270151532906,0.01438145707860265
2002-09-01,0.043897373854889614,0.04613031790334348,0.05469177966186927,0.11243025231403447,0.05628764830120918,0.023565546100807484,0.025229111437049985,0.04898473701194793,0.10742187561120159,0.047843315235728344,0.007974853445065289,0.009012994234862966,0.023186124663966245,0.04125312994534818,0.022794160230222602
2002-10-01,0.03341480879258305,0.035263472878010196,0.042543781012571114,0.11164307981081462,0.03745201129453731,0.01553755651603298,0.016729490707852464,0.03518371549974441,0.1009695736829262,0.04111977911184725,0.004072794802489329,0.004669262099755564,0.013750670386890334,0.030192265695294894,0.015335178066831306
2002-11-01,0.033215590221344196,0.03391397511995983,0.036960539171778474,0.0604908617845386,0.038553554643360355,0.015395522882683935,0.01575388236997982,0.022453690456242018,0.04141931955307787,0.02145317758589696,0.0040125147549003055,0.004238092130075587,0.007451336949956044,0.012551143207156936,0.00723530059012473
2002-12-01,0.03459748828061965,0.036096257963533065,0.04202886205374804,0.08765077040047453,0.04249958249086995,0.016389330712069366,0.01734090650271592,0.03185371799535605,0.0734667182535335,0.03173896667990777,0.0044411380089592264,0.0049470952104219085,0.012134195013464279,0.023042144360755693,0.012107780485322007
2003-01-01,0.03374484853513946,0.03482662017825886,0.0392334356959976,0.07138387519116754,0.03881348916025442,0.015773781682266123,0.016411601203633098,0.026596949292882848,0.05415381409755216,0.027160740514617077,0.0041737776120335844,0.004527113406773125,0.009427755455905257,0.016699162650548827,0.009580416020177488
2003-02-01,0.03652108455913143,0.03813872530268771,0.044494136264292564,0.0892074828977556,0.04520753204643289,0.01780540548746205,0.01886989374021435,0.03483125521435304,0.0766490499340765,0.03451023587841534,0.0050788320687331304,0.005666773525065834,0.013911544636442386,0.02540820096370965,0.013823921464642067
2003-03-01,0.032104029155511575,0.033568644603344536,0.03939980468847606,0.08796087004777475,0.0368754045200198,0.014610808775476604,0.015507293082197652,0.029466454100163873,0.073214996395997,0.032161634158169375,0.0036854712679138006,0.004131524439974255,0.010680935865437752,0.021458606564712424,0.011362247069855039
2003-04-01,0.033202459654322496,0.034541143712508576,0.039891190265746265,0.0807783656189831,0.04025497576726441,0.015386176167986303,0.016204931806023292,0.028910541166095236,0.065224279711832,0.028867195571909705,0.004008559509040367,0.004435553619497834,0.010510070510071311,0.019799777514293727,0.010506395780368992
2003-05-01,0.04115897472535286,0.04326192368281786,0.051379324817279866,0.09984651843472425,0.05636226816035871,0.021368440677898212,0.0228804375234318,0.04486784203735953,0.09369732802640274,0.040637781123616816,0.006815542323263479,0.007713995909555854,0.02024653735723888,0.03499134218391166,0.018899438737816333
2003-06-01,0.03385287563285396,0.03536286909168441,0.041345505242307415,0.08222349838171272,0.03907558061621697,0.015851350563598335,0.016802093663472396,0.03138319842263019,0.06900923543148722,0.03385398311165156,0.004207134308866606,0.004701949793982152,0.011816929730846921,0.02170625276281329,0.012464971614601559
2003-07-01,0.022299853958483867,0.022895315392480305,0.025555693528600217,0.05883045171016256,0.019639049654188525,0.008309693339126963,0.008558397642786974,0.013573555349281943,0.037096509040887835,0.018701030646975408,0.0014620950989941458,0.0015706270582178075,0.0033010952083195586,0.007527977891534558,0.004168999106891775
2003-08-01,0.026813868917461195,0.027176422931336524,0.029044239836428235,0.04795855010754062,0.030978694454142364,0.011065661710460752,0.01118124750882916,0.01483456456495652,0.028312949621250846,0.013759223943471954,0.0023413453136090037,0.002430804618308825,0.0039535823212445255,0.007034623687009448,0.0037636492952240245
2003-09-01,0.02896138274564588,0.030038218524371607,0.0344480645992458,0.07172704422452005,0.03536010302928847,0.012465863456518496,0.01306054756155443,0.022811442502896222,0.05391490429784764,0.02231038825927869,0.0028451867762567893,0.003129086401149707,0.007305392152946621,0.014456294759239827,0.00720181594342537
2003-10-01,0.027196449128600326,0.027772003963571223,0.03037942544550312,0.05491135177730345,0.0285055309874719,0.011311067711606969,0.011564351366227583,0.016825900333509048,0.03508706894026855,0.018316518295500905,0.002426988972137358,0.0025678395261016303,0.004721580835962156,0.00881197147084507,0.005029215124586045
2003-11-01,0.02921306390608159,0.02950008090670959,0.031123666241882248,0.044945249678391155,0.03162739501879676,0.012633520237271332,0.01269983835319236,0.015967724977726763,0.0262769554665808,0.015729807897314513,0.0029079414487281196,0.0029900588156568184,0.004493895860816251,0.007214848566249987,0.004464134994514125
2003-12-01,0.028130611010922138,0.028649873751187493,0.031063841727807188,0.05191680862115948,0.029917881871023573,0.011917692756950829,0.012136787606606391,0.017033693358651965,0.03266151554996438,0.017957440429758192,0.0026435845305675825,0.0027777311396932083,0.004852484969861299,0.008556219663166675,0.005052976141086834
2004-01-01,0.0301375109487658,0.030633031419535887,0.03297122954410956,0.05002161479599729,0.03360280542614955,0.013255586955608804,0.013463092756268441,0.01831774720080098,0.03155337159972187,0.01800053722564049,0.003145190413062711,0.003286961519319481,0.005476674427008207,0.008947374317870547,0.005427014778204093
2004-02-01,0.03173938637601823,0.032582054221210424,0.03613732705026066,0.06095752779388154,0.03586762114561378,0.014356293333043536,0.01480980493556635,0.02264141773300174,0.043072194188861504,0.023019431549050295,0.0035816065832458264,0.0038354755508895515,0.007432993616525933,0.0127349789380082,0.0075353415829908935
2004-03-01,0.03286840946182132,0.03395345825480792,0.038375910697478297,0.06873570928458209,0.03817489731623368,0.015149006387514374,0.015782156235283347,0.025929912158027393,0.05202000035556215,0.02631155274920132,0.003908676328572047,0.0042503739973145365,0.009036460266716135,0.015859822778554536,0.00914191794463373
2004-04-01,0.028957834598804827,0.028874594324007193,0.02927390665835431,0.03544305306473118,0.026716177950050175,0.012463505117320608,0.012284788075778126,0.013149224581091055,0.01801196644217243,0.014784620917427547,0.0028443076722543792,0.0028329831595760345,0.0034336337991687626,0.004985793211751486,0.003750417246639959
2004-05-01,0.031859759169158626,0.0315315437666829,0.031166673585737874,0.03211102913857582,0.030555519990976863,0.014440151556250433,0.014078718911622394,0.013564467222677365,0.015507683808784097,0.013927936590590896,0.003615707293599857,0.0035338659125477836,0.0036962433462291756,0.004787557029264318,0.003787494134609826
2004-06-01,0.037663364692067096,0.0374169363353696,0.037331629821591314,0.03778057880298752,0.03691375388124657,0.01866380461622886,0.01832484867983808,0.01830508352394241,0.020290187067316667,0.018591104518221973,0.005480309780947475,0.0054062114754933836,0.005870432494727996,0.007296431818843483,0.005963194416545557
2004-07-01,0.041415660242334236,0.04134718498015567,0.041838218605999726,0.043139904251777786,0.04177769975282543,0.021571528741365597,0.021353111247463332,0.022549746997421957,0.025332792095581348,0.022632196643242928,0.0069199654133869255,0.006908104166307816,0.00802490015024575,0.009896677894912491,0.008077925930238436
2004-08-01,0.04841730953506727,0.04907452236057725,0.05195859862491884,0.06044710391198581,0.05382427277150387,0.027333600424079153,0.027712357086905615,0.03490667838845937,0.04393659726293441,0.03356323282886663,0.01010825342615298,0.010461310455705003,0.015151387353873714,0.019366019319046548,0.01477951057272523
2004-09-01,0.05471006589476228,0.0551563463507382,0.057314582863536204,0.05693191661839299,0.0584186224298988,0.03285252785967084,0.03306045105919107,0.03860027599102649,0.04093436935724032,0.037808435871946114,0.013537359404906319,0.013823407786749559,0.017971190797004568,0.020552081879335736,0.017759097979842587
2004-10-01,0.06119008171250464,0.062129379921334466,0.06590561355943425,0.06982244631418855,0.06592396845637673,0.03883979692599901,0.0395268191004091,0.049851374013196,0.05608034799169497,0.050003970259143216,0.01762744138163575,0.018292060397005934,0.026061091754209464,0.030339105250179806,0.02614991546983073
2004-11-01,0.06677904544036145,0.0671987224041203,0.06921184308048844,0.06417115716661537,0.06661141492049684,0.044230689317961265,0.0444336950826687,0.04992081025550317,0.048731389899762535,0.0523455166449102,0.02160803293565429,0.02194975707801665,0.0267817123049922,0.028728116029846075,0.027708583695204198
2004-12-01,0.07560100653325966,0.07571501963107735,0.07667856514017576,0.05834044519872571,0.08114691619798686,0.053129215639059015,0.05303295154493236,0.0556918020556212,0.04399338787578818,0.051977758395486316,0.028732966478376375,0.028858565152150278,0.03204696393054168,0.030166479275715145,0.030666762390206746
2005-01-01,0.0959026272260125,0.09544300807590644,0.0944147939480543,0.05414884529824455,0.10135982850626618,0.07517361212405106,0.07444649953326458,0.07119105167915392,0.041483785293550346,0.06514760101036747,0.04889777679686166,0.0484083111621438,0.04716678706622262,0.03700617731920186,0.04459452250007847
2005-02-01,0.10458157450830752,0.10374734236342459,0.10145989315980541,0.05475401799021779,0.0990056010546631,0.08517045694268516,0.08399964095525908,0.07679937702427171,0.041791560460262736,0.07891777037250164,0.05903501885990514,0.05804164619288213,0.053277086547720134,0.04025780061096407,0.05435057443888887
2005-03-01,0.10814492363975192,0.10670605132391742,0.1025122272354611,0.04938294725955611,0.10159463499487104,0.08936238642622873,0.08747168427413293,0.07460522172047615,0.035794101178971305,0.07517952297475931,0.06344539165112033,0.06166415319283059,0.0518533134334735,0.036744509534254774,0.05224756012953004
2005-04-01,0.12168313109591938,0.12097916272608888,0.11890876092948893,0.0605176696902964,0.12358962148435815,0.1057106006621994,0.1046803646946598,0.09753960543464862,0.05005598464432857,0.09290682813652451,0.08145145829891404,0.08047286810779875,0.07520652199165027,0.054602610643383905,0.07300969848967406
2005-05-01,0.13454572236182905,0.13415174515590766,0.13289887444179665,0.06613131709013827,0.13780937607313404,0.12179742556013179,0.12116620837808778,0.11628341832898154,0.05860287038148094,0.11117584571300215,0.10027120970466052,0.09966136854879443,0.0962073395510269,0.0687974912732939,0.09361145657135483
2005-06-01,0.1519769480967224,0.15160111523314096,0.15017549911466288,0.07004835441855303,0.15517200470451764,0.14433224855538968,0.14376191073244027,0.13786603048430657,0.06526436985016333,0.13240685491883097,0.12815589606335503,0.12749303074301788,0.1224585008931805,0.08459512994331497,0.11950930626433576
2005-07-01,0.15703108966863333,0.15584018400602995,0.15179020880096294,0.06668431452091,0.14611966399802162,0.15100462078571925,0.14936561811456528,0.13447091922822935,0.05933804289068955,0.14009117051909292,0.13670378474714956,0.13463014118776984,0.11984156388405814,0.08025793162935663,0.12309636330058393
2005-08-01,0.1725863077615578,0.17260539134723418,0.17213838355657118,0.08346019847052105,0.17746302261759495,0.1718783237337751,0.17190669401406505,0.16890419935503798,0.0837128194750098,0.16279943073930814,0.1641677832411051,0.16413069243705397,0.1615711675474032,0.11414167855757179,0.15803733987680135
2005-09-01,0.1608775929070156,0.1594463512751979,0.154595485211467,0.06633450186321274,0.14877597847636675,0.15612041928441645,0.15416465637018079,0.13643986652541862,0.058645299312010686,0.1421585499657962,0.14333757440741673,0.1408085299948914,0.12276671023084457,0.08123614563405135,0.12610954595312512
2005-10-01,0.1713740202636903,0.17065975545118595,0.16789443692173606,0.0845126368061131,0.15968029164611847,0.1702345465248018,0.16926195932226729,0.15819989534933404,0.080614163666834,0.16697817177211915,0.16196878207991217,0.16060944727687293,0.14915982600429706,0.1073864673685741,0.15432513960018313
2005-11-01,0.1796826172186647,0.17924792990575122,0.17724013489735468,0.0903634392847279,0.17916105458057696,0.1815530619143756,0.18098789104307345,0.17234098859030383,0.08931689840580781,0.16982560039093092,0.17722270363305992,0.1763296911744387,0.16717431452768527,0.12123831681355546,0.16576616388579907
2005-12-01,0.1957827370240685,0.19527578102138898,0.19279653664108892,0.09145834877245385,0.20023101959646683,0.20380498675813724,0.20319897178595386,0.19242765449478033,0.0931226625103534,0.18379679817605482,0.20789219381532753,0.2067887831193418,0.194447148777467,0.1363880959808586,0.18924936192385744
2006-01-01,0.20245583883670876,0.20295205211097744,0.20355072322039913,0.11278193281448695,0.19671377248636124,0.21313587572008247,0.21396800438051927,0.2143409090612638,0.12190923007543769,0.22205846967993692,0.22097915922577954,0.22182608340812715,0.22218021831951446,0.16844985589953776,0.22689493517912107
2006-02-01,0.22441102596694612,0.22373132762496684,0.22025781770288144,0.1012242030558062,0.2295164248819525,0.24419858105423342,0.2434666531741299,0.22827593526933193,0.1075832287049372,0.21727392977850873,0.2652772380494398,0.2637011303508704,0.2446940630487191,0.170266240308238,0.237802762276962
2006-03-01,0.20052925247756676,0.20033427342197258,0.19876678234754397,0.10917974723458806,0.18403145417029348,0.2104360525270545,0.21028684171867462,0.202704486564235,0.11353210679960818,0.21981535234120309,0.21718040319485293,0.2166684658006599,0.207801572267096,0.15680445563202294,0.2182094655389274
2006-04-01,0.1845529042131408,0.18487116301490925,0.18517804423738388,0.1181056185530493,0.17520690045595994,0.1882422720331296,0.1887347775048302,0.1883161132822987,0.12226747517003589,0.19973294204538866,0.18635401051942452,0.18685945159316508,0.18685604756053908,0.15177173053039023,0.19368169623520676
2006-05-01,0.19400699411579186,0.19396598840089235,0.19298676977760437,0.11698164704758612,0.19411862252898798,0.2013319845632291,0.20136941324596302,0.19608045818659725,0.12088733966290072,0.19438368614872842,0.2044442994559313,0.20425009943634692,0.1983188760199397,0.15706759064023762,0.1973259446007808
2006-06-01,0.20288503775583117,0.20197334519824195,0.19811200873806684,0.1061376358548306,0.20266864459739425,0.21373796594842753,0.21259071143228125,0.19663292705966556,0.10675454294293857,0.19103088173349836,0.2218276133485204,0.21989434615977793,0.20116603251447424,0.14995057375948168,0.19781800461537768
2006-07-01,0.21396296669401932,0.21508143507948296,0.2174892250721796,0.14017926171980333,0.2183767548660599,0.22935309091409378,0.2311313645492099,0.2381614819162325,0.15728560213351345,0.23678830928377625,0.24398284100628065,0.2460843112758021,0.25395085113218374,0.20730440560406255,0.253010095410804
2006-08-01,0.22512144452852517,0.22727686313562678,0.23284678311690932,0.15583524202621007,0.24085661668744496,0.24521170052476082,0.2485429433488579,0.26764300013535136,0.18448195755897745,0.2579197204305901,0.2667373674108052,0.27098754775747413,0.2929949179377149,0.24356498727162157,0.28665234992120237
2006-09-01,0.21986240869428658,0.22098542513230007,0.22331256854928128,0.13189121600182152,0.2316991079057663,0.23772264033270468,0.23954300796009392,0.24619421812942377,0.14986677270777365,0.23610121132278078,0.2559638187189379,0.25808311866606687,0.2653222070285606,0.20795632191818175,0.25887028876459095
2006-10-01,0.23757954889032706,0.24024094677054325,0.24724177188748875,0.164251142993109,0.24777257359719734,0.26304477378585117,0.26719012662866504,0.29177725943175475,0.20056578642416784,0.2909607006090664,0.2925560366179638,0.2978995386581603,0.3261839198903064,0.27060681209784787,0.32540504346375276
2006-11-01,0.24786500051485466,0.2508308713339492,0.25864407739042883,0.16776646152812164,0.26751413310228606,0.277849798743682,0.2825062785632302,0.3101807820910737,0.20925130008751414,0.29931176937870985,0.31412257422219625,0.3201316395203044,0.35181847730503535,0.2892878738877925,0.34459269001093684
2006-12-01,0.22486358500489795,0.2258376106960564,0.22760615053197553,0.13314383943944608,0.2234991891627559,0.24484391898062968,0.2464809791372516,0.2509355665504114,0.15126762976334052,0.2554588902413232,0.2662072198215446,0.2680254929591077,0.2724739468180114,0.21275254092248236,0.27522133972944984
2007-01-01,0.22525191399669675,0.22643737864010716,0.22887734139173754,0.14073639410860034,0.22535136542942646,0.245397809454808,0.247340027792892,0.25435415531451955,0.16093895013061654,0.25822460379168466,0.2670056787140025,0.26925915341889095,0.27676193839426944,0.22121003930207656,0.27908331549110044
2007-02-01,0.24047300259998566,0.24372864228293295,0.2526145556099231,0.175115436291644,0.2602675481033457,0.26720292492110853,0.27222698468664,0.30422076519368974,0.2181508883235594,0.2948554609823699,0.29860328510697637,0.30520065917921846,0.34233659422242224,0.289546600750748,0.3360673906834628
2007-03-01,0.21961561964740056,0.22281948425313242,0.23190064758289375,0.17237014057502253,0.22692882878896986,0.23737183321632244,0.24216293966350766,0.2750781809446541,0.20994121719067477,0.2812802226496988,0.2554603291828154,0.26183302964406285,0.30051946383853645,0.2619460772187685,0.3041274895890184
2007-04-01,0.21669161163344158,0.219061169665262,0.2254675720299797,0.15384954825527275,0.2309140520102611,0.2332198965381902,0.2367976595208579,0.25921543022769156,0.18210277309440337,0.2525688152253798,0.2495098621480028,0.2541599669804768,0.2803171604165803,0.23496178146433,0.27594200449285766
2007-05-01,0.20424541238946908,0.20440061662744768,0.2038855216695098,0.11789480320448692,0.20187339813986643,0.2156478263722157,0.21600870009758716,0.2122160087370028,0.12534662752465664,0.21411230557393962,0.22452199241123205,0.22469264170214492,0.22009895188748524,0.17039483712646142,0.22127446880858886
2007-06-01,0.1876285985418179,0.1871675911107114,0.18495758862309036,0.10456561670177789,0.18216735028454123,0.19248607685748126,0.19191315861195146,0.18233165056005618,0.10460103030701956,0.18502060775970997,0.1921882681379578,0.191209977481771,0.18062851990982925,0.13812856291842074,0.18231295809271142
2007-07-01,0.2090815361374273,0.21218366098343394,0.2211139017504788,0.17057274604730005,0.2216081642586698,0.22245520133823604,0.22701588092297476,0.2593595062535966,0.20471290623809107,0.25879372027181524,0.234161680387377,0.24023838404782627,0.27832569377571625,0.2468845096431873,0.27772272968156614
2007-08-01,0.1614601900434564,0.16288100568919145,0.16708203469619548,0.1168810325270147,0.17242794477755435,0.15689800746787386,0.15876162711008956,0.17280126513870925,0.1237326044341926,0.16673598517365784,0.1443517116865239,0.14678108631630143,0.16330449165789634,0.13899744556388505,0.15973628279698526
2007-09-01,0.14437624388943976,0.14501973148932895,0.1469473405693058,0.09716895775757034,0.14711502034769441,0.1344107986031467,0.13514685942365584,0.14096682478871497,0.09519148157568491,0.14067586771443175,0.11568113800439933,0.11669385998420878,0.12414921563006515,0.10313180211741779,0.12403193367643539
2007-10-01,0.15754621896482662,0.15948501316096914,0.16543801073942332,0.12344922870923114,0.1661788553104272,0.15168788502490443,0.1542162616188349,0.1747515194813128,0.13357842190919078,0.1739451916102906,0.1375858756112252,0.1408752874989032,0.16452638257450924,0.14465859785478463,0.16399589341634285
2007-11-01,0.13107613809901297,0.13478129834347408,0.1470949481159614,0.14349983302391556,0.15055539359900594,0.1174092848508917,0.12196719047553967,0.1661596844702602,0.16544765149133478,0.16250829414745543,0.0950394437641155,0.10061947483498651,0.14813230722376391,0.1497288657393392,0.14591255751762622
2007-12-01,0.12341076991367883,0.1260414048332979,0.13481717488762401,0.11844210058843335,0.13618847534392908,0.10784164594202533,0.11095209612521573,0.14121963482102562,0.12750228300720967,0.13995293185135527,0.08388577228309402,0.087648760103684,0.11957994554499923,0.11542249612123184,0.1188238855670436
2008-01-01,0.07175667085079251,0.07364157125536401,0.08056912383547715,0.08669164715396066,0.07946221462339104,0.04919560632185792,0.050900225447994385,0.07176322918040418,0.08104674189830247,0.07324773523687488,0.025502613598165184,0.027089201105638824,0.04392818265564732,0.04988738676067484,0.044536080239726626
2008-02-01,0.06251425653643822,0.06583461032307719,0.0781087842018561,0.1354202603078668,0.07182894380179003,0.040098729152957244,0.0430970742974299,0.08212204205946633,0.1464094908375283,0.0907243443778622,0.01853278189364748,0.020931853946173307,0.05049216331875903,0.07547401629399603,0.05391874553351456
2008-03-01,0.05450257527163848,0.056523465744976846,0.06413940323052321,0.08838397128161735,0.06773765746661711,0.03266576000332804,0.03430108148888402,0.05601344856637832,0.0820711666861148,0.05291243858695336,0.013415758137044672,0.014647917303511677,0.02942224860024898,0.039770249390696885,0.028299702485709982
2008-04-01,0.05805966286481378,0.05853921676968328,0.060794244284036576,0.05208532428915628,0.061829482267506494,0.03591068802844235,0.03615490090206107,0.04206469360404081,0.038125123059908506,0.04130826480106045,0.015580884323524849,0.01590959021650013,0.020502551890083702,0.021147659182148882,0.02029378721665991
2008-05-01,0.06617135234229655,0.06684568569258245,0.06970292370055435,0.06386670683979023,0.06498358744167952,0.043634877002508635,0.04408665118116364,0.05195845019751122,0.050149795638192905,0.056566442177411656,0.02115502416393774,0.02168395208972694,0.02815122854545054,0.029827819085620825,0.029867758140888184
2008-06-01,0.07213713112599607,0.07237150236579296,0.07374733763693471,0.05445502953162309,0.07769585692694768,0.04958113963069415,0.049605995969290495,0.05339725823156105,0.041011588985325385,0.05013904966822334,0.025813710805796208,0.026032996113897762,0.029920783986659934,0.02769652380554545,0.028742896775691005
2008-07-01,0.06451776386616283,0.06487102764609401,0.06667915632927877,0.05424867033121349,0.06427437444651218,0.0420253653671748,0.04216002345451441,0.047025301915263294,0.04015975255461833,0.0492244409897426,0.019947235440575525,0.020227730757445928,0.024508202807929164,0.024292934734026796,0.025332852618368682
2008-08-01,0.06893794927575175,0.06973901658769462,0.07299937862641542,0.0626540188318629,0.073992293981154,0.046365786196162294,0.04695357908504267,0.05610570614786471,0.050554715176481566,0.05533917227805947,0.023257022502237476,0.023910980304542497,0.03150378714884767,0.03183367375913817,0.031256339660452555
2008-09-01,0.05387423528187084,0.054079957611950585,0.05544952788104762,0.04387013230936348,0.05550872259609004,0.03210211336974657,0.03209333559135943,0.03556643329364896,0.02974346034094657,0.03558734047896866,0.013051064773087923,0.013191988348544684,0.016041962494753946,0.015933910282138215,0.016092494189079376
2008-10-01,0.0335331155331897,0.03371023763656232,0.034984808920757414,0.03601792278324802,0.03128392011022408,0.0156221023375241,0.015608247459227625,0.01831541098535169,0.020804288097834772,0.021082909876376375,0.004108832791949624,0.0041750344486868535,0.005661841554948579,0.0070761913437571,0.006276454922109686
2008-11-01,0.048146518143652436,0.04867069026392728,0.05110794552763415,0.03723820109977418,0.06516651952050627,0.02710307813042503,0.02736753006960551,0.033384440617436194,0.02582726143207393,0.024517267920827913,0.009972695632604703,0.010255746307941082,0.014249602539839479,0.013438523755692206,0.01157860854479977
2008-12-01,0.06692136915595559,0.06767127270857817,0.07077498094773804,0.03764591054529595,0.08401025820634506,0.044370562311766386,0.0448994402711739,0.053514147170201136,0.029627390509064683,0.04331913493986279,0.02171483831840546,0.022308129759821913,0.029358363185282517,0.022172755530564976,0.025530273779008607
2009-01-01,0.04395574065534472,0.044956723823659506,0.04903549870033082,0.04772830221968248,0.0367883817197597,0.02361309767189982,0.024259543458450057,0.03438745898846615,0.036145878166735416,0.04790972529445985,0.008000653708933119,0.008468179899533985,0.014429790624784462,0.01631987397712887,0.018232146155816233
2009-02-01,0.042267904432471505,0.04300707381780353,0.04618573826263068,0.04335310109224125,0.04409234807154984,0.022250100744983403,0.02267524901480227,0.03029687114783772,0.030747828242254364,0.03219642257776084,0.007272958736953792,0.0076039114729227085,0.012028104335785788,0.013449544056776244,0.012573205962558594
2009-03-01,0.046692788215824885,0.04794945313397877,0.05290979737332448,0.05253637182181056,0.05505160982144994,0.02587578014017991,0.026754981361493308,0.03957066765845383,0.042289028951603455,0.0379609604163333,0.0092618578501823,0.009894082056184894,0.017729911745955784,0.02004989421346988,0.017248296371552552
2009-04-01,0.03340090620403469,0.03419233381688794,0.03756486438260687,0.04577164911030848,0.03172417211951019,0.015527630981235269,0.015953564706309403,0.023462368626641347,0.03169198755684922,0.028837713599677677,0.004068571637248491,0.004325107453359184,0.007924279648559643,0.01077779438559752,0.009185669374550032
2009-05-01,0.02796821560449101,0.028618709444880236,0.0314917139434977,0.04468072909672134,0.02791759388653874,0.011811488600722687,0.012116309747114733,0.018031541759731172,0.028973054821355912,0.020999022717555316,0.002605166521073694,0.0027701179330143232,0.005237249273808398,0.00813191235471105,0.005850616761207682
2009-06-01,0.030519118291220143,0.030862605619126716,0.032682818670515555,0.036253891915875344,0.033196994111102614,0.013515204990006097,0.0136195291505851,0.01736370769036529,0.021466497762421575,0.017117025030093092,0.0032462322954195074,0.0033490807332872815,0.00511025957243441,0.006738749003559047,0.005077617643738934
2009-07-01,0.03001147474290057,0.030340546706868525,0.03210987549338695,0.03551486858376803,0.03140694268401979,0.013170202460459239,0.0132646492386199,0.01687576786603118,0.020824214039537756,0.017435588421506533,0.0031122183306152343,0.00320877711628736,0.004888939047761944,0.006451414318907412,0.005021315157168977
2009-08-01,0.03137187716015364,0.031811155904568615,0.03396008801956429,0.03740716061211404,0.03422199776508291,0.014101248756291146,0.01427212887738347,0.018777284776932145,0.02298191447913659,0.018702145485011878,0.003478627433884899,0.0036127786106593418,0.005736561404002327,0.007463414486051338,0.0057392959310450745
2009-09-01,0.03349913206694795,0.03389816568536093,0.03591601202420554,0.0356273188431606,0.03674661752088402,0.015597801534342056,0.015742565843480934,0.020066862830813402,0.021893888421007476,0.01960078726631484,0.004098462570347286,0.004233179964594618,0.006410250274318841,0.007719939154899846,0.006326568501134347
2009-10-01,0.028786747451002386,0.029274283342158165,0.0315806007083823,0.03830951074752154,0.0286922167229464,0.012349962750859091,0.012549482532634597,0.017251283896852397,0.023508546196074433,0.019509853163342288,0.0028021028284096563,0.002932796304542723,0.004973276942134845,0.006965830119228661,0.005443374012157524
2009-11-01,0.02865583818106941,0.029647114619846166,0.03374414288899474,0.053458527866759774,0.03250943136206784,0.012263314971032495,0.012798063220776505,0.021718944666778792,0.03878033532853863,0.022919841393553932,0.00277005312081406,0.00302768706519828,0.006808948250793639,0.011142954738342151,0.007083789794844032
2009-12-01,0.023420357295024067,0.02365503281769501,0.025064190658831705,0.03337032681899256,0.022040348070605006,0.008969030466994673,0.009006494234702228,0.011580729879919524,0.01776046845707551,0.013650011253587788,0.0016581428647409664,0.001707550090574393,0.002691924252689241,0.004205028237450361,0.003041078926299069
2010-01-01,0.023714305720936177,0.024337350737991814,0.02710172817299861,0.044728267167903235,0.02660496048053635,0.009144778816239143,0.009415471268741527,0.014765336719374949,0.028163642265877625,0.015234489409961385,0.0017119660418664332,0.0018362321436317882,0.0037799185980634397,0.006666871837935701,0.003876150667829167
2010-02-01,0.0237290668185739,0.02446715801391396,0.02764638169140563,0.049559026575649444,0.026511134377355743,0.009153634399179933,0.00949396749162559,0.015769524694377614,0.03268728519090263,0.016749513650559128,0.0017146952728281882,0.0018613294204308944,0.004140035872966685,0.007677967983279622,0.004331973300210752
2010-03-01,0.022754982467853208,0.023268997309327175,0.025641291936547822,0.043038030173135795,0.02417396610091466,0.008575462029276162,0.008777836237361432,0.013220291677813748,0.02584368846636015,0.014328748823919319,0.001539991943970714,0.0016371427316846706,0.0032030778945043863,0.005800783227782217,0.00340378603259688
2010-04-01,0.025606929029023832,0.026181736325606872,0.02878128389741632,0.04340834341471366,0.029836800588236404,0.01030325442968584,0.010551082607565059,0.015682643965314415,0.027089777956327922,0.015111501997425015,0.002082712365710447,0.002211524623643026,0.004206654909762044,0.006924262118563871,0.004110370149381246
2010-05-01,0.03014859095702647,0.03106656592991558,0.034893765487465214,0.05105836222528721,0.03709074560377811,0.013263101823704231,0.013759007970703507,0.02213449368868447,0.0363423710542934,0.02070766404794053,0.003148098514014718,0.0034048247644351244,0.007095517665324536,0.01098462466421822,0.006784113449907114
2010-06-01,0.035847187056383005,0.037164572532486465,0.04241565064332169,0.058916073781194095,0.0452672213530882,0.017305052217702243,0.01813548895795452,0.030823124671962767,0.04709704703461188,0.028740343615909537,0.004849962278288279,0.005316720008060392,0.01172501747837411,0.0168805576427107,0.011177482254661423
2010-07-01,0.03383280213612123,0.03540109927695701,0.04160330447621339,0.06889516205698738,0.039793348948330025,0.015836927530757317,0.016830045480877406,0.03205300272936313,0.058429359368055045,0.03410377190540201,0.004200924665882643,0.004714556352647042,0.012158766924824737,0.019568893037397804,0.012700228486646127
2010-08-01,0.045537538733880445,0.04745081009387808,0.0547907313854156,0.06724006992927177,0.06296761220242701,0.024912986514212525,0.026333982321161253,0.0462735245071338,0.06108475196937129,0.0394926027003201,0.008717258143566897,0.009648135631003675,0.02170446753732359,0.027608475627629466,0.019473392759812042
2010-09-01,0.0408814974391352,0.04297357404248235,0.051054550552660616,0.07778681288186745,0.04751851817838094,0.02114957921127108,0.022648320228091337,0.04448621854616753,0.0730294633003618,0.048752665114768036,0.0067036457594631445,0.0075895054875469775,0.019977839331426925,0.029284748179946075,0.021274661272371983
2010-10-01,0.03315892639514248,0.03540999674675459,0.04428408682523952,0.09765870020713419,0.03916234920816634,0.015355201035849551,0.016836552970519857,0.04045670426971745,0.09593947039895778,0.046996881129315396,0.003995462001658293,0.0047174930463050125,0.016585792254858938,0.03131090520990574,0.018399870303274946
2010-11-01,0.03169997877953649,0.03359786901551693,0.04110377295874711,0.08597555981872923,0.03962662785413404,0.01432887427805303,0.015528112379592863,0.034502202629860666,0.07888462229442761,0.036425920767998346,0.003570482543877362,0.004140483733248938,0.01319240885567647,0.024580657306363544,0.013693386119830044
2010-12-01,0.026502057326182448,0.027608653384150188,0.032141885606927115,0.06037430377633575,0.02972684733582676,0.010866970731064643,0.011458850615674742,0.021289649852254434,0.04538326475799788,0.023599191963035053,0.0022728518657048283,0.0025298248409551466,0.006471801017620809,0.011933647847295828,0.006970119644533063
2011-01-01,0.02271892274283248,0.02396104309080754,0.029045914985518683,0.0735888491812277,0.025859288901762575,0.008554302689491951,0.009189157295995272,0.02008262385079073,0.05829821952638584,0.02329813403468559,0.0015337339697876584,0.0017645907015963456,0.005705009042096481,0.013065085991946192,0.006346101688535588
2011-02-01,0.02484356186700512,0.025846226770193038,0.02999902293045094,0.058745668594194195,0.03115854376615459,0.009830461180107386,0.01034129402447357,0.019041348182131483,0.04271298486878524,0.018374436893077547,0.001928102539339368,0.0021402454392055975,0.005444397160416476,0.010484927291592314,0.005316693472445365
2011-03-01,0.024702224927420115,0.025500468636892103,0.028899203892919043,0.050520178610935954,0.028591493308921308,0.009743738170068484,0.010126577232199604,0.016992015607751904,0.0341393100478379,0.017376164214673872,0.0019002325402061745,0.0020681964047774165,0.004645983580687441,0.008385745558929947,0.004730732112110353
2011-04-01,0.02490111221244235,0.025977256968349995,0.030405520112509132,0.06024716572070012,0.03012375874958537,0.00986584685183021,0.010423057337052918,0.01982422267797061,0.04486615960687207,0.020266324004633764,0.0019395182543992973,0.002167922475131395,0.00575897822012371,0.011114178993124916,0.005856766959440279
2011-05-01,0.027819678571221976,0.029272763845603577,0.03511156011669317,0.07160200599052642,0.03621915933129904,0.011714621933104435,0.012548472720962048,0.02607321465747662,0.05948340989187086,0.02542298729478905,0.0025703094713911143,0.0029324131005338434,0.008669157395737962,0.01646351727063426,0.00851766100606811
2011-06-01,0.024582310142596844,0.02591888478779108,0.031348799743366185,0.07211670388474457,0.02907059918933509,0.0096703608154619,0.010386606284614679,0.022416247262769997,0.05844567180482815,0.024793709825940653,0.0018767711095552455,0.0021555673662153343,0.0067945371520800315,0.01430576949496855,0.007301144880541898
2011-07-01,0.030168863900883938,0.03216412579810261,0.04009233535496921,0.09274590180645931,0.04244263308090931,0.01327685527402719,0.014517508536417789,0.03467538068561242,0.08738697701619114,0.03287542730487802,0.003153423396494263,0.0037138081095146203,0.013099639992110716,0.0260840376272693,0.012605303222272437
2011-08-01,0.04032738869194137,0.04282714222104226,0.05249518916409119,0.0900157797154491,0.061658273862848126,0.02071464141615728,0.022530728754710187,0.04967112938010836,0.0908019677303381,0.04157600003873722,0.006483251968189998,0.00752671096917598,0.02308249515551231,0.035974187453607205,0.020401521416237963
2011-09-01,0.059562550078937626,0.06183218383881262,0.07027897081707626,0.06333540357810775,0.08566496883053665,0.03730855678573004,0.03924436148874328,0.06420855726558072,0.06146701464193221,0.050931216886875304,0.016546957931708257,0.01808827130219185,0.03610036229296926,0.036856742216959094,0.03090100742543527
2011-10-01,0.05068863475967609,0.05293767896147924,0.06144350171191668,0.06909447270715122,0.055993634235983754,0.029290271126805614,0.031076515334263772,0.05536616687069522,0.066468995479221,0.06197268049888369,0.011284245565104078,0.012539029418546701,0.02839986974054924,0.033580359572643936,0.03066720074285397
2011-11-01,0.05422750677668962,0.056488479529275236,0.06498296127899933,0.06657344476625417,0.06698801217221455,0.03241865270467997,0.034269162688224775,0.0588791096288601,0.06425738841538733,0.05728391745568405,0.013255449480308674,0.014626502732425956,0.031387451364024585,0.03486294196629438,0.030789104543279766
2011-12-01,0.060594100515169114,0.06305013452431621,0.07215815821588256,0.06671471340764554,0.0759158468747585,0.0382769973269561,0.04040564675622123,0.0677401629233896,0.06645294562917968,0.06434096505291297,0.017227649482762265,0.018930933832772435,0.03891320323311744,0.04016890273569213,0.03755938874089627
2012-01-01,0.05985391446245587,0.06268918139849611,0.07320571557880685,0.07669956192547504,0.07164394644953996,0.037581361687737416,0.04006045945543184,0.07231068316481723,0.08012507459165014,0.07467854489166376,0.016737770573916705,0.018679131550879455,0.04225838505260649,0.04673410836204811,0.043137507593239734
2012-02-01,0.05698737691453321,0.0595730950068539,0.06921827002139631,0.073777267312894,0.06679495411750716,0.03492297133267535,0.03711684802678216,0.0659704805512132,0.07457398086436216,0.06922129160339789,0.014910219519491402,0.016577929908314065,0.03696723165221625,0.04164838676847782,0.038158872262919384
2012-03-01,0.04861775075503132,0.05091480286504864,0.05963370508180988,0.07365781785109089,0.05467372800592239,0.027504616453501676,0.02930031852342041,0.054091792880088814,0.07135133735103878,0.0601676217298992,0.010209231124045879,0.011425935501563894,0.027221265538572417,0.034199015597977736,0.02926823259464097
2012-04-01,0.05638068347362247,0.05915008238902593,0.06949033617532885,0.07925870278149921,0.07401705268746696,0.034367737445285554,0.036722365752783225,0.06798053884674647,0.0820444524112115,0.0637762398485649,0.014537634294704078,0.016302739784009312,0.03834942776316684,0.04487901481056246,0.03668548068302804
2012-05-01,0.0729050230301934,0.07575912806041855,0.086105275392168,0.06876093358311407,0.09853580231403253,0.050361816702550966,0.05307858443542376,0.08595831475436938,0.07255841271996274,0.07391580099623568,0.026447375893326536,0.028896809601806146,0.05576109684614431,0.0519900880871297,0.05041936683839746
2012-06-01,0.0702188297999934,0.07297857791612844,0.08303001055486192,0.06880532132917065,0.08094173563023604,0.04764587652089561,0.05022345509906487,0.08179507522326462,0.07165705321725781,0.08470652787940908,0.02426449776335906,0.026535223938286136,0.051771897721859715,0.049466801218405736,0.05294945222580092
2012-07-01,0.07633934341506154,0.07939731509079745,0.09041838011999304,0.0711531977821773,0.09427762463075579,0.053894187219386706,0.05687940825004534,0.09254154952611704,0.07693299955236348,0.08882825900048374,0.029375361080209772,0.032137485395097413,0.062078066306953616,0.05714810551379663,0.06034989984071639
2012-08-01,0.07203891548604481,0.07517438511992766,0.0865579773878703,0.07534112090204391,0.08378777639407059,0.04948153405160452,0.052474517760930886,0.08909323964063942,0.08183320385428744,0.09299523116111347,0.02573321965289459,0.028391848587843844,0.05822776486349847,0.05689309822283636,0.05984203095276912
2012-09-01,0.06692216131171291,0.07005044431030034,0.08151006700416585,0.07882127519969229,0.07833249849970915,0.04437134117833194,0.04726521079173088,0.08367790573397116,0.08531895987294685,0.08809963055917502,0.02171543353644369,0.024157274007795854,0.052661996783328446,0.05491291340731919,0.05444032430943356
2012-10-01,0.06670831022929592,0.06961901328521919,0.08028221443616568,0.07446265833162324,0.07993891026865929,0.04416121885403984,0.046833653286448014,0.0802941471230686,0.07865911964682099,0.08126345187375855,0.021555050509244496,0.023816415987737736,0.049863887464944745,0.050919442149120704,0.05020949038475832
2012-11-01,0.0685587208789416,0.07168908516553314,0.08312300546922075,0.07785667564606868,0.08423603136669483,0.045988682247763084,0.048914474464909624,0.08539060623810374,0.08434317302238487,0.08474959422204231,0.022962896367390618,0.02547418683675795,0.054407574540711545,0.055613726158619196,0.0540620744758459
2012-12-01,0.0615850085883259,0.06440127618278066,0.07481381614707547,0.0750124853082763,0.07149791822937916,0.03921404703956018,0.041705368262063267,0.07375495603933682,0.07821469850314439,0.0781796272631894,0.017894991501595556,0.019888950487436892,0.04369666206798262,0.047007536272336524,0.0454005867510873
2013-01-01,0.05383055485107835,0.05641972049038225,0.06613602046966464,0.07623538050294132,0.06128801497711946,0.032063039088546956,0.034206457893714036,0.06298408333339259,0.07706560108850752,0.06915301601351134,0.01302591072293261,0.014584464396174031,0.03424656108969245,0.040620026189481885,0.03646676035928472
2013-02-01,0.0568476016712619,0.05973757659648184,0.07052030016496111,0.08189562252863913,0.07163085168444636,0.034794819089501945,0.037270570863626916,0.07017427629738576,0.08607979517689263,0.0695494713699084,0.014823939621141024,0.01668558276270464,0.0400756131397047,0.04726514568776032,0.039779666586799496
2013-03-01,0.05630124108397353,0.05913680392489929,0.06972668947746934,0.0803892647440933,0.06971773726206797,0.03429522819581931,0.0367100029917575,0.06885807689008543,0.08394606086561879,0.06946752844260283,0.014489214757305585,0.016294140459437608,0.03898868503876967,0.04585878777709244,0.039171268944238447
2013-04-01,0.0632078969720453,0.06613811630798999,0.07694043059329193,0.0761852537795727,0.0819225404694865,0.04076280657622245,0.04339344861476637,0.07701868510863813,0.08057741533178098,0.07225379758510439,0.019016406385044215,0.021156193762383875,0.04656287322965694,0.04954370517724035,0.044556329880208946
2013-05-01,0.04931050331767331,0.05155644954245169,0.06007308655617547,0.07077357530666897,0.05263940207473167,0.02809815994846727,0.02986028475186748,0.054043353207976465,0.06802592516578541,0.06315671938251001,0.010562399187773163,0.011773018726395799,0.02729432224320206,0.03329620198345151,0.03037036803500854
2013-06-01,0.042607710630795534,0.044286553854702315,0.050799416287699115,0.061131227877240894,0.046986766161253225,0.02252248017491645,0.023711202683248587,0.040770532739247065,0.053086914682144076,0.04498003978532091,0.0074164033651908275,0.008165357626191153,0.017975761627023253,0.02286067546660075,0.019246806596249416
2013-07-01,0.038748163475085945,0.04051381207106693,0.04739529449182294,0.06711196082062636,0.04456845678427399,0.019490766419675083,0.020698806930393374,0.038493745804523936,0.05925762497732436,0.04171771852744614,0.005877420163018564,0.0065725834874460825,0.016195050548400904,0.023001122917597365,0.017125715749532304
2013-08-01,0.037109205504737015,0.038457409901796934,0.043811632817830355,0.055945318104415685,0.042772522448019656,0.018245763299875033,0.019112158623996615,0.03221255274187777,0.04505873124706837,0.03341750167468608,0.005283408379054166,0.005783993451336015,0.012572912324210577,0.017026022199947442,0.012908638154978093
2013-09-01,0.037172786950810666,0.038893420865749095,0.04562691836657546,0.06719791084308122,0.04477198592752369,0.018293574521641168,0.01944520492983387,0.03661864030039769,0.05881569145225958,0.03780069503294398,0.005305795713005572,0.0059465332853614345,0.014961299135523213,0.02191908383440937,0.01529462834168559
2013-10-01,0.03885425676063947,0.040713794090501056,0.047946835443844815,0.06999606820582877,0.04829184626395698,0.01957224936732303,0.020855231803646748,0.039755769026385064,0.06298380425725736,0.03981089639057002,0.005917088582879868,0.00665225687232961,0.016928470150143284,0.02443195184820582,0.01693938976446872
2013-11-01,0.034157567310419336,0.03598497599979686,0.04317011209499747,0.07567553391136798,0.03962157445366302,0.01607079219338434,0.017258797237000037,0.03549793359963284,0.06799779386585598,0.03959399832758347,0.004302024951039299,0.004909448070994799,0.01400438574783421,0.02308861245718234,0.015111592326096625
2013-12-01,0.031192050336562662,0.03248810025348793,0.03769611601790337,0.060060860479285806,0.036003210453824847,0.013976994034391992,0.014743928778354589,0.026852031623364372,0.047604497651229184,0.02862735966720091,0.0034288595817780765,0.0038079301167781928,0.009331739006067711,0.014936190087823015,0.00976875802443924
2014-01-01,0.038931279399809254,0.04045832611642495,0.04645191609260084,0.05948877318737317,0.051464204681961986,0.019631472289468817,0.020655472097215778,0.035787174848873705,0.04995299165830665,0.031900165961628694,0.005945980384388283,0.006550571698262255,0.014697261037722896,0.019716189178997694,0.013580359636822789
2014-02-01,0.03994808840377127,0.04148469361483134,0.047503473665371825,0.05919435826548335,0.04738793351706073,0.020418555457818142,0.021461688592343302,0.036768652335626976,0.04984413273341401,0.03718354937156841,0.006334733828635594,0.006964352545847734,0.01535698995203646,0.02018529961053789,0.015482995042700249
2014-03-01,0.041459270541613295,0.04255396888535322,0.04697256843331848,0.04704743694987456,0.04773361353522487,0.021606092560284226,0.022311871453309748,0.033181594488299604,0.03603618782290178,0.03275652632584377,0.006937793739642681,0.0074103306723947255,0.013518118735269856,0.015598989450064485,0.013415989254158675
2014-04-01,0.04328621563519488,0.04437020471259319,0.04874237311189104,0.045792414621497586,0.049411706266770314,0.02306942198565182,0.023779433403584762,0.03466429509120877,0.03516548337401933,0.0343085904693117,0.007707437553298601,0.008202827263397133,0.014520341997569899,0.016017613604032296,0.014436723803608277
2014-05-01,0.047586347764119685,0.048898344574456035,0.05404783405825412,0.04909340857581867,0.05570484882357242,0.02662810400840426,0.02756175853515295,0.040998828839997746,0.03997763138211555,0.03978867449281739,0.009695413644992415,0.010371359588288503,0.018693369072409847,0.01989370820244101,0.018329015942978578
2014-06-01,0.04781537469538152,0.048902179110806666,0.05326121145854742,0.04445016804766373,0.05293539286084665,0.02682198868870551,0.02756503365942863,0.038749267178341026,0.03462724938845047,0.03924486855286274,0.009808269771599135,0.010373312926318441,0.017358856636407943,0.017601971016504982,0.017534058270477267
2014-07-01,0.04887469148291601,0.049609589631271045,0.05275521241734498,0.03770150836698071,0.05306946777305523,0.027724311458099258,0.028171273417407234,0.03608472027206039,0.02739618127533119,0.0359728296270398,0.01033946485556699,0.010737065787162459,0.015883657058414553,0.0146960057080977,0.015880584601921256
2014-08-01,0.055849576314595174,0.05665455815624544,0.06000763242295311,0.03769494400267282,0.06348721757176036,0.03388384366219144,0.03442075902775004,0.043264691878196926,0.028610757105867482,0.04053826507222606,0.01421554829708501,0.014728303938514355,0.021039417557571913,0.017755087219678823,0.02016144131203522
2014-09-01,0.052456497080943916,0.05299534546763847,0.0554691874041697,0.034148218800594786,0.0530515822032407,0.030841175068989247,0.03112761135636202,0.037419860143479436,0.02421564624552694,0.039602724696897997,0.012247807007084723,0.012571570844289786,0.01702803860446537,0.014323342841117302,0.017742971711763943
2014-10-01,0.05656072064028754,0.05730392470480578,0.06044529653877193,0.03663459939094239,0.06196409637036362,0.03453222965802337,0.035015405641445875,0.04330172223975402,0.027565482532061546,0.042158624641423434,0.01464768098934144,0.015129916074267656,0.021141647414918984,0.01745493494561379,0.02079597392543409
2014-11-01,0.06318380521951765,0.06404111575267867,0.06752836094008702,0.037680853849034135,0.070333230490576,0.040739688937928446,0.041357749657350895,0.05093538819299256,0.029719223102316745,0.04864055922730822,0.018999500983213527,0.01963119902568992,0.027060033086076032,0.021067315788279833,0.02626747540946184
2014-12-01,0.07244677958664404,0.07247811875616604,0.07319625963918239,0.02812160785804223,0.07777811109714197,0.049895535144981955,0.04971428076915943,0.05167452820199634,0.02017612784475556,0.04796629908637062,0.026068305133667397,0.026120850592973047,0.0287013088383448,0.017916991628140786,0.027366979287316233
2015-01-01,0.08891281500849973,0.08948827562941475,0.09184241233104906,0.03285715082103253,0.10143564431459867,0.06735876827515935,0.06778239216207659,0.07472465968459066,0.027448456766694534,0.06627000146949082,0.04137952865961121,0.042001151014840796,0.04911828767443968,0.029269546736390786,0.04545048521031186
2015-02-01,0.07638063967810324,0.07655894318908776,0.07772458325972886,0.029374181682572154,0.07086330579458769,0.053937061746755215,0.05390792328231371,0.057145901889858845,0.02200593676087578,0.06375945519805183,0.029411499199677303,0.029594649693117134,0.0332406024755465,0.020504847326003675,0.03585209156829155
2015-03-01,0.07893741272652588,0.07948269136677472,0.08182349121740284,0.0333770831066749,0.08159013124218628,0.056609567427683374,0.056969463086567154,0.06368156924014462,0.02671439663418529,0.06397663983176761,0.031691671397401255,0.032215568703236816,0.03862923252383859,0.024843541881112097,0.03880496713304888
2015-04-01,0.06935456451282696,0.06988189302074435,0.0722328427634977,0.032813325060781814,0.06777387685766548,0.04678106692939891,0.04709647657240261,0.053608628093013914,0.02514215906374176,0.0579055639915669,0.023582335775434317,0.024023816188172602,0.029732495795498796,0.020449776123929946,0.0313762089742278
2015-05-01,0.06563448812687314,0.06632855884847808,0.06925476507871331,0.03553036702765471,0.06569665314849601,0.043110429761433484,0.043579713975391204,0.05163124088150705,0.027543165940909126,0.055089350746785094,0.020758901993808164,0.02129758638108512,0.027852656936445366,0.020615623187146673,0.02914928421400733
2015-06-01,0.05839330733337647,0.05904427813637724,0.06186758637560895,0.035766735220661684,0.05716677182240061,0.03621966532410825,0.0366238920214552,0.044104810501114144,0.026677846394710963,0.048571880374702545,0.015792726581746463,0.01623428527178295,0.021866689920760515,0.01752725252284044,0.023399945004655406
2015-07-01,0.06712656669778229,0.06772987215267363,0.07034570107224747,0.034941141215456356,0.07409996326609049,0.04457244720197648,0.044957292507102696,0.05216591267691665,0.026862720349790092,0.04907182333615223,0.021869300174682985,0.022352776462387723,0.028416949373542676,0.020628156947364293,0.027317453367835604
2015-08-01,0.06826585903762453,0.06883076814538308,0.07131254804868892,0.034900156123034994,0.07047369559813761,0.04569805714036042,0.0460480873035737,0.05290600263503951,0.02680298660011072,0.05376240250598404,0.02273705682208572,0.02319998424113613,0.029088853296591416,0.020921972747691784,0.02945538151286981
2015-09-01,0.06848088481667249,0.06925666731441435,0.0724359899652311,0.036447401054567924,0.07321449723213329,0.04591138986876058,0.0464720701344771,0.05536748903866472,0.028961437162481278,0.05479394015857489,0.022902762607888573,0.023532033220092886,0.030902939402931387,0.022545614269079618,0.03073039148046141
2015-10-01,0.06929506828471847,0.06984850225898508,0.07228580721321477,0.03447111345902767,0.07099036095747728,0.046721697442341684,0.04706306987013977,0.05382225752997646,0.026538769330475748,0.05509692748003085,0.02353573798594084,0.023997421958999073,0.029880298609706764,0.021149734860525207,0.030406466557337107
2015-11-01,0.07403165701625271,0.07436652004193832,0.07605632958681101,0.0334374856718269,0.07546699471106354,0.0515133123737693,0.051643126282420015,0.05635429572744659,0.025427448111517335,0.056940689259577314,0.027391009524663435,0.027701491503803098,0.03234621036509404,0.021802665053347707,0.032631327547542034
2015-12-01,0.0752328612248502,0.07524743462183003,0.07589354892710727,0.03040977682382551,0.07533440715111946,0.05274891558199102,0.052549876337426034,0.05431619320902258,0.02212869099730113,0.05481609979545485,0.02841529510335778,0.028454689518348824,0.030974600261667398,0.01980039610197424,0.031233984162576583
2016-01-01,0.08333444258228206,0.08453898813666355,0.08902517281212924,0.04375987353402156,0.09176723844320589,0.06128622023835258,0.06237086039726151,0.07589098236066338,0.03884529797031771,0.07339128804131484,0.03580809763415261,0.03700451200502393,0.04920928020580788,0.03505766655486951,0.048163318539139785
2016-02-01,0.09307742501679755,0.09440272628697693,0.09919130613456562,0.044826061140086255,0.10346982711849778,0.07198841480212781,0.07327068314263936,0.08815945803601466,0.041493597058288555,0.08405789065629254,0.045788172767612025,0.047258353840981177,0.06147406644261446,0.041654786369097536,0.05961333872920637
2016-03-01,0.08921501469440063,0.09040106536482984,0.0947662972716452,0.04249731272978711,0.093987916049174,0.06769201204465924,0.0687933080434606,0.08214644665798165,0.038303016144500185,0.08309670651689144,0.04169233325107507,0.042955526922245066,0.05551673540612446,0.03749508081316783,0.05597392652844246
2016-04-01,0.08706814918130096,0.08810891165455642,0.09201245748795378,0.040944949003849526,0.09055672683023108,0.06533398662307292,0.06626224565452848,0.07804752890713515,0.03603310880110464,0.07965365356542975,0.039494460883499144,0.040578248504803564,0.051639020986904614,0.03475864636609874,0.052380486458283616
2016-05-01,0.09353621031462894,0.09440045851173962,0.09765645433949044,0.03992134488690005,0.09870000944459484,0.0725032558254169,0.07326812517397924,0.0831548584467442,0.035119061071241804,0.08221359965279579,0.04628665874180021,0.04725586102707405,0.057129859326680875,0.03665291976728754,0.05675290530822781
2016-06-01,0.10224916305092008,0.10375674121481099,0.10904818631714697,0.04462441257428429,0.11625336985405027,0.08245352133337869,0.08401061537256788,0.10092825687680479,0.04316055943608978,0.09380549843150954,0.05622548397845574,0.05805299796276774,0.07486906216728631,0.048006338205797444,0.0714193185820585
2016-07-01,0.10956560321285436,0.1106676653440794,0.11452932760510776,0.04017320972818811,0.11842880090267072,0.09104716107296107,0.09217377661980386,0.1044165785831565,0.03805634308350986,0.10049949809341341,0.06524298990999398,0.06666646783791846,0.07960131825199451,0.04702503486389531,0.07769637562879993
2016-08-01,0.11041161137070626,0.11108736113717504,0.11354592031964633,0.03711138336285273,0.1122368448449182,0.09205400995420443,0.09267538711477019,0.10022939513076062,0.033755637912693065,0.1016034808182234,0.06632394439251899,0.06720644983773774,0.07576340258742109,0.04308161404709627,0.07649200636217304
2016-09-01,0.10393019337686149,0.10488935107276282,0.10834643821926904,0.03960069698580301,0.10504455246342637,0.08440951098679905,0.08533567890256005,0.09610560078023755,0.03636546600453028,0.09967572537876429,0.058244182623831735,0.05942823838502315,0.07068276057738479,0.04264623079798182,0.07242824433711034
2016-10-01,0.09361484158315897,0.09450450382528935,0.09784332461536421,0.039947484953764656,0.09121222042297994,0.07259158888898631,0.07338550820975684,0.08354092323637496,0.035255067555494596,0.09066182724567207,0.04637234765965471,0.04737029412517804,0.057482306928856496,0.036850558626159075,0.06072035377333582
2016-11-01,0.08039396596778231,0.08065666518842218,0.08206569077295017,0.03527403285109984,0.07289002753448483,0.05814764436390352,0.05821169889396435,0.06218843634436185,0.02734693453739918,0.07143811168333451,0.0330280872793252,0.03329866690944667,0.037656131504349225,0.024992992616623,0.04140045077011659
2016-12-01,0.08027658730512471,0.08037167327640993,0.08124053477868781,0.03388767757175449,0.07983900085606255,0.058023283373892384,0.05790946518726548,0.060317377928936614,0.025637092845778187,0.06160209340600601,0.03291938831277881,0.03303412583590458,0.03617810071524071,0.02361998507481186,0.0367618159969984
2017-01-01,0.08101354856358889,0.08122771278509816,0.08247492826331043,0.03542239258020335,0.08155900850462028,0.05880527155642828,0.05881857926051077,0.06232734871781725,0.02735734459069638,0.06319302147621995,0.033604756219564484,0.033831835768838386,0.037849044375458114,0.02511133161507799,0.038266683394346634
2017-02-01,0.08558026171063365,0.08554460786600881,0.08595234585762984,0.03282678041688523,0.08797471909847793,0.06371273561506682,0.06346067468803504,0.06453025717085027,0.024985506181940165,0.06272011967619696,0.038004621372852605,0.037995221013173854,0.04022160475737044,0.024927220369163092,0.03954625764208383
2017-03-01,0.09110781261952172,0.09168766329353395,0.09403570376775938,0.04217499118883443,0.09101444589126045,0.06978893843386656,0.07022483728269131,0.07718375634444605,0.03559344180602935,0.08025162686729986,0.043676918035781484,0.0443179198474358,0.05155417544438902,0.03489908338886234,0.052959996935124154
2017-04-01,0.09585551827518568,0.09662161221205001,0.09953193439942848,0.04444511220803693,0.10099364929136057,0.07512021321043016,0.0757844363583826,0.08460871251685725,0.038951751488403255,0.08323780877622167,0.04884514716716936,0.04972665458315514,0.05880471720735284,0.03964394347667381,0.05823144742819318
2017-05-01,0.10506730726446861,0.1062716268313294,0.11052303740272496,0.051034055433248654,0.1118535365432014,0.08573897853146711,0.08695972686965409,0.100418993817594,0.04809913361613875,0.09915021991276834,0.05962785641959573,0.061126133324332275,0.07493458246105437,0.051350199326203674,0.07435019375929285
2017-06-01,0.10836524150440596,0.10897096111351273,0.11122513000267503,0.04458899788617542,0.11246266467942256,0.08962316338371928,0.09015263116956107,0.09701530140351616,0.03996698876324786,0.09577610778624551,0.06372270845516945,0.06450298320485019,0.07234631164900326,0.04592762172114444,0.07180641605317409
2017-07-01,0.10675677933652128,0.10793423647266431,0.11207723028009348,0.051904250888335016,0.10913624797583027,0.08772356031010387,0.08892302753823744,0.10205712793137917,0.04899659945128802,0.10532371879520441,0.06171045910454432,0.06319653738816552,0.07680758776665725,0.05271729904331228,0.07842803595269784
2017-08-01,0.1147688897201985,0.11590819420716514,0.11982955311911975,0.050351806004327836,0.1252533480828497,0.09728090509633186,0.09848318445638599,0.11103157268739816,0.04838339931809293,0.10551680527183999,0.07201360674572352,0.07354410738266208,0.08704626288964906,0.05668419375831063,0.08427838354443845
2017-09-01,0.11145766284066055,0.11205783221696591,0.11425918126928852,0.04550201003224455,0.11121741500150495,0.09330257667211145,0.09383776548912237,0.10054996121126686,0.041150208386905654,0.10373836432424116,0.06767125062390451,0.06846233938527767,0.07626329155554806,0.04824703716052942,0.07788299397183539
2017-10-01,0.11546975921426345,0.11575904251582919,0.11691125732620855,0.04335019808950111,0.11707793068600342,0.09812795899026971,0.09830225062998166,0.10157520487925803,0.03850087992578972,0.10134807614867108,0.07294767183893731,0.07334434050890448,0.07798830604155357,0.04748681547610687,0.07795084005217053
2017-11-01,0.12700578044333544,0.12678333386092566,0.12616667164269557,0.040720358011420925,0.12864268058665412,0.11230641184924461,0.11187816237606946,0.10924478037787766,0.03575863632521516,0.10660063593047903,0.0890460115433514,0.0887216511260509,0.08765762307858316,0.04964568105847492,0.08639437168387709
2017-12-01,0.13939745637329654,0.13884852292085142,0.13704509168393786,0.039872928862438116,0.1404235706815926,0.12799031212095557,0.12716884356642771,0.12034402166869029,0.03540912514637852,0.11668095914637949,0.10777070505187342,0.10689534933648176,0.10133362563246567,0.05455066906348592,0.09948519118486021
2018-01-01,0.1347233407755492,0.13339376269007092,0.12921527599042065,0.03498246150518872,0.12381428586371773,0.12202299273794365,0.12020333705266667,0.1059288784223773,0.028434313044157087,0.11103832206378789,0.10054202264841261,0.09851261515889043,0.08575122043136651,0.04423337674032057,0.08852268945183572
2018-02-01,0.13253401850251234,0.13140518739121976,0.12787685700857881,0.038183523487881184,0.12216645476785376,0.1192489103341115,0.11768518191381183,0.10555272796980403,0.03139583211938222,0.11104730593538087,0.09722418853941589,0.09552403882199195,0.08498458823848853,0.0461599779282761,0.08793218932471014
2018-03-01,0.14672502372793628,0.14566181821515206,0.14215150747427702,0.04054234294940894,0.14701804896039616,0.13746169970706862,0.13598262440874442,0.12329974544639477,0.035272037628056946,0.11811696404456618,0.11948579996803055,0.11773188278383706,0.10585667625084566,0.05646937111489647,0.10317299462293333
2018-04-01,0.145892131097141,0.1440973842066382,0.13833627453396447,0.03611960670382599,0.13522665817708562,0.13637825589343333,0.13394813610667694,0.11409191458210188,0.02936952128166596,0.1167626126944199,0.11813139856092425,0.11520877599458812,0.09608987257176865,0.04879434955305345,0.0976780749905874
2018-05-01,0.1538788487853509,0.15259577415359293,0.1483034917858294,0.041164982001887854,0.15013837795353613,0.14683631470332692,0.1450730267547503,0.12951768889391474,0.036000853743815855,0.12724673329063674,0.1313495251769723,0.1291552288412285,0.11387198911853835,0.060055150359813805,0.11276381566304311
2018-06-01,0.15887792525334987,0.1570579143855902,0.15103528474745875,0.037862854988063924,0.1526897573144511,0.15345692479058348,0.150982937791787,0.1295243683265498,0.032204562413057115,0.12737085834531736,0.1398753584651598,0.13670566705390202,0.11487124700447093,0.057526423561622526,0.11384563116677032
2018-07-01,0.16027619929501535,0.15838762588230343,0.15213387510177073,0.03899684557496218,0.14883132705872448,0.15531849071459924,0.15275274887689705,0.13046377987227586,0.03314576660698164,0.13334927961633036,0.1422932761896457,0.13898466879589522,0.11616071034860836,0.05885765325644004,0.11793600942170984
2018-08-01,0.16668547186910337,0.1652545622498759,0.16032078653057003,0.04342400751241318,0.16169269473650588,0.16390321990875845,0.16195280754821556,0.14367725709370682,0.039082973629239376,0.14177015706915708,0.15355413183194944,0.15095708968740207,0.13191813049688028,0.06913961303603151,0.1309812899323266
2018-09-01,0.16369086712145225,0.16198290325273407,0.1562356306549168,0.04268078324602074,0.15117057869124523,0.15988177466287812,0.15755719077441832,0.1367306845854861,0.037238851694571064,0.1415516136431525,0.1482569789231607,0.14521124524920587,0.12365847633479171,0.06488933363668986,0.1265256762963226
2018-10-01,0.15779751405057246,0.1568052758310055,0.15336376120568268,0.049971298109304986,0.14620272252105104,0.15202141142105946,0.1506471251453942,0.1377516687447683,0.04526724711995977,0.1451066858495259,0.138016901331581,0.13627415189418157,0.12355838862644047,0.07091832317782278,0.127778169767288
2018-11-01,0.16583190193260322,0.16549845860460732,0.16401254069413795,0.057238139473630156,0.1662831714294194,0.16275514444922967,0.16228137030939732,0.15583019398771214,0.055610521079066666,0.15304976633830347,0.15203798800060198,0.1513884014431302,0.1452513400073061,0.08677033787377014,0.1437355568104326
2018-12-01,0.18273171231583318,0.18411987797404467,0.18789118056282383,0.07600528883048603,0.1952970761158973,0.1857364093418432,0.1876967698241236,0.2001324745470292,0.08504139038768682,0.19154444223906042,0.1829237717895036,0.18544237164465233,0.20021484491837177,0.1300927123997931,0.1949550908556575
2019-01-01,0.1816680627014869,0.18319387151069838,0.18742765818311696,0.07654838788111316,0.18932545217592045,0.18427535238510717,0.18641860923086567,0.20059805918114143,0.08617512347418188,0.19827040640944765,0.18092896928210983,0.18370001513571443,0.20048327191093768,0.1308683946066373,0.19901449194448018
2019-02-01,0.17623113459051964,0.177614244621985,0.18146951732025846,0.07567371634163965,0.17861628384726874,0.17683647910402428,0.17874719991876153,0.19151364207368926,0.08365735930882251,0.19474847084428354,0.17083482573486558,0.1733046871222239,0.18847869898103203,0.12397928254853352,0.19036048807061123
2019-03-01,0.18963876112147732,0.19203281880094691,0.1989689068905217,0.0854190804494338,0.20924057851039823,0.19526746051973948,0.1986735491656435,0.22319033685591694,0.10187568437602645,0.2112020786054269,0.19602844191022017,0.20051837377797266,0.2293166152961701,0.15410218634669953,0.2217822595068994
2019-04-01,0.18079119680262773,0.1833290579048662,0.19088247159691846,0.08812711147962932,0.18681341670697027,0.18307225675278338,0.18660511953563508,0.21346693815434803,0.1043456827850372,0.2184926727672098,0.17928930809156007,0.1839540825226575,0.2153723603342742,0.149359038668604,0.21825987228152427
2019-05-01,0.19497277072159208,0.19857165865127124,0.20938850914990798,0.09741475032255481,0.22265002307714543,0.20267644215710284,0.2078132101359082,0.2475937875350251,0.12373763021200068,0.23196369003750283,0.2063176421800727,0.21321267092393742,0.2600337432359122,0.18229626138252242,0.2500268898488498
2019-06-01,0.18281215421086244,0.18663817087131251,0.1984289047037811,0.09638802308050559,0.20091675341885729,0.1858469810005422,0.19117968002706515,0.23472690051478612,0.12222370647036968,0.23196096625582813,0.18307489476372885,0.19020449365101488,0.241119062864511,0.17182986384177823,0.23915546270989801
2019-07-01,0.1847753905430391,0.18753329729333634,0.19574506978124961,0.08190991919511953,0.20046144415953826,0.18854876229628253,0.19242007495009594,0.22186774799860015,0.0993163001410145,0.21632167920035988,0.1867743236728565,0.19190540123250377,0.2264012824060167,0.1502555319245416,0.22283626376255505
2019-08-01,0.21327227320431064,0.2174247596617883,0.2297473692143342,0.09304595003654398,0.251925365774299,0.22837552140179534,0.23446582704390373,0.2803170698897981,0.12482999830985803,0.2541750589106813,0.24258792253273237,0.25083299897405864,0.30505758419136764,0.2031627872124051,0.2881294728477786
2019-09-01,0.19776007251875005,0.20065035802284586,0.20907874937723459,0.07798628091350726,0.20679574567912656,0.20656378563481737,0.2107308597449266,0.24108825251698063,0.097455568374895,0.24394415240841377,0.21174902091797437,0.21728964311687432,0.25300588656845113,0.16035733325441215,0.2545597875523297
2019-10-01,0.1760713675872297,0.1782072937039489,0.1845177261509121,0.06581092259091188,0.18404178809213317,0.1766186492485054,0.17956006679381836,0.20160943483644528,0.07685458518139382,0.20218774361871378,0.17054086585643602,0.17440097744297228,0.20018984747034085,0.12257954891388634,0.20043070123566709
2019-11-01,0.1765156369966629,0.1782359644862772,0.18318215580818858,0.062482423371071794,0.1831157333377566,0.17722448643932315,0.17959938006829423,0.19646693599357412,0.07130051820066045,0.19648285704243262,0.17135867380387382,0.17445403021607414,0.1943113391499135,0.11631479059714284,0.19424848499055158
2019-12-01,0.15999578799420838,0.16168036908869698,0.16676336655327223,0.061788914087171534,0.16064481612191212,0.15494483706558848,0.1571518458855678,0.17445759886375484,0.06821165839168698,0.1817242149207256,0.1418072449864362,0.14468371476194253,0.16481163295433693,0.10187450048260804,0.16896793485592615
2020-01-01,0.1829285921986158,0.18584913341368375,0.19462849518648528,0.07287105650746661,0.20921546764757526,0.1860070496767514,0.19008732893417885,0.22173627114563887,0.08971713596770015,0.20490365451244674,0.18329370650313748,0.18870872035452413,0.22573167058600524,0.14231776464984713,0.21520396525877428
2020-02-01,0.1811047146473485,0.18513360462927864,0.19763476548895054,0.0790548221680088,0.2080396756950446,0.18350227067779823,0.18909759042363394,0.23546376748591374,0.10296538187582538,0.22323406515186417,0.17987505269558735,0.18735519899816333,0.24149958976108993,0.15752991955848827,0.23369644255070376
2020-03-01,0.13758614161508376,0.13958911968408533,0.14605232256858203,0.04393527089760869,0.15733655963892068,0.12567075296142116,0.12812092424982413,0.15022540764487968,0.04822300315490312,0.13809536764160885,0.10494629035132141,0.10805391509677725,0.13254031278922856,0.07333224508506324,0.1257148098046041
2020-04-01,0.14190561408809976,0.14389510705696668,0.15025009981927023,0.04344656981525446,0.1533281845269452,0.13121669333622155,0.1336855397192781,0.15547946366719984,0.0480816540516812,0.15211041562597527,0.11172913365341708,0.11488404066669333,0.13927257005109633,0.07574398027479469,0.13733471718149942
2020-05-01,0.1350422141647919,0.137802812307588,0.1468352768153085,0.05187042625654798,0.1416600727295514,0.1224281700090456,0.12582707187680475,0.15748774774920776,0.05980501504871657,0.16404674757279564,0.10102892691211202,0.10526769173390899,0.1397554650055124,0.08388147689352748,0.14328786930267706
2020-06-01,0.13491216150001872,0.13773768917874474,0.14699099771450097,0.052606064534659956,0.14734538580182832,0.12226288375259298,0.12574361058109879,0.1582402056218012,0.06090995224994951,0.1581322709898219,0.10083023099998462,0.10516664694805855,0.14053728071019667,0.08490987439724795,0.14037297109682356
2020-07-01,0.14387904451154437,0.14643850767941763,0.1546572005139869,0.04810562516729214,0.16274418373580452,0.13376674911107023,0.136994986270301,0.16582499733835232,0.05565127550649139,0.15684600352217626,0.11488166327244775,0.11899207459135741,0.1511020509344443,0.08549383451957726,0.14588444707255815
2020-08-01,0.12719518027499643,0.13007896750002929,0.13965289275165188,0.0535607905103837,0.13039545883944448,0.11254274669361841,0.11601226885929877,0.14944249338446786,0.06147815141653956,0.16125166215832337,0.08932137417525454,0.09355139411179636,0.1291667909004216,0.08056807674673033,0.1354545586389484
2020-09-01,0.128885445347867,0.1317185763802578,0.14109383410485254,0.052659738145321065,0.14285017253682147,0.11465670894873803,0.11808125904848743,0.15082344130361408,0.060408730695452564,0.14910758141882002,0.09179410177714531,0.09599258569184138,0.13105603918205816,0.08067319048374316,0.13001762146698248
2020-10-01,0.11692960979096706,0.11968947386223272,0.12900435972046265,0.05363848885985462,0.12290201943068368,0.09989777621933593,0.1030959579121617,0.13510485791326182,0.05991917514473816,0.14282646226807677,0.07490980650129092,0.07868569121345947,0.11169691626073147,0.0723790724654705,0.11566437999430956
2020-11-01,0.12037184217354446,0.1230131861499939,0.1318719176733164,0.05161659376492978,0.13462197176444773,0.10409959219921244,0.10719039739978337,0.13764395724720851,0.0574925789985037,0.13482972517303382,0.07962384431601399,0.0833255825451667,0.11513354788629604,0.07237778502257035,0.11356008814200225
2020-12-01,0.11503905536094045,0.11783269505277244,0.12729238017863231,0.05417634833994203,0.12447504669464604,0.09760721728233412,0.10082473261088964,0.13328701397884796,0.06049011917408921,0.13700100929345477,0.07237304937448377,0.07614248910988589,0.10938783127632723,0.07171633208355412,0.11124996127543041
2021-01-01,0.1018388337257718,0.10463768648272487,0.11432156288201067,0.056672049490965215,0.10758559124722572,0.08197780020802031,0.08504080889231003,0.11762854668739986,0.06191772388642359,0.12617136135664103,0.055737622496032584,0.059121413575991925,0.09072980424182697,0.06436684615406332,0.09489172867467299
2021-02-01,0.08451542123580708,0.08679076279601866,0.09491460604413299,0.053309287182895126,0.08654082181539341,0.0625590977695649,0.06481811809310883,0.09066454666803803,0.053761312260826116,0.100858699374685,0.036955289892597595,0.0392403271600942,0.062091416107709754,0.04737416169908575,0.0666178256770892
2021-03-01,0.073331095520974,0.07532581927295626,0.08261728846718192,0.05189930424951143,0.07675000632801997,0.05079644220626822,0.05263077209698935,0.07482776174073329,0.04961864955052058,0.08169680486442088,0.026802294785886287,0.028522196825671337,0.046656217940134026,0.03820224164146018,0.049483019522463575
2021-04-01,0.07776816681805983,0.07973476264817075,0.08687487750354367,0.050082283670982074,0.08954547985975675,0.05538302099097022,0.057235574601791225,0.07922870973013818,0.0481460232521749,0.07681357794345182,0.030638494511301927,0.03244664955095435,0.05104679348851519,0.03970386005190045,0.0500057246636428
2021-05-01,0.07879172030538534,0.0809531001805811,0.088756733315484,0.052729816922206844,0.08888836129818178,0.05645633704695775,0.058526521486449275,0.08286330275667941,0.05196703529411993,0.08308925140811796,0.03155948627748131,0.03357492305862525,0.05428188535908377,0.042868255780247604,0.054366189033134324
2021-06-01,0.09087855970615105,0.09253826264846249,0.09847477731836818,0.04415149187880325,0.10540646103374346,0.069534079405464,0.07117545698634183,0.08982991876706098,0.04221898896205929,0.08315077341958793,0.04343422712115156,0.04522960983550911,0.0625598648982752,0.04216548559795305,0.05948690990971069
2021-07-01,0.0990944076607756,0.10111251566175755,0.10816100620951141,0.04720127955706259,0.11260067240273386,0.07881372681909415,0.080937277738661,0.10383606532524464,0.047748222332103255,0.09940580131568427,0.05252443704509929,0.05489892842075721,0.07696825024421505,0.05105995405152356,0.07480727448243737
2021-08-01,0.09730526458506028,0.09907159375667657,0.10529106107034225,0.04439788030403221,0.1045874411149198,0.07676791947177608,0.07858491503554416,0.0985039674871458,0.04361760874674799,0.09950146763799161,0.05047679374882069,0.0525193021233692,0.07164791318890124,0.0466690121272512,0.07212383985425952
2021-09-01,0.09045826187151546,0.09179262434384433,0.0966399241892485,0.040488279401563826,0.09273030713706826,0.06906746551118768,0.0703419605353825,0.08532623338458722,0.037282024249399824,0.08965696347627522,0.04299095098148122,0.04442994762213351,0.05850462099844203,0.03801257173685933,0.06047516109120106
2021-10-01,0.09920205383691683,0.09944892266349203,0.10063955369100874,0.029956250222896687,0.10563217690977611,0.07893724552876336,0.07901850484515521,0.08243070757936843,0.024987533549215186,0.07775932952072499,0.052648827501480505,0.0529556233198139,0.057428198914543455,0.03094011559730939,0.05535472949885959
2021-11-01,0.10954240688259603,0.10951103753155317,0.10970285022346837,0.02829240031866146,0.11418903727349217,0.09101959209592975,0.09079480514962152,0.09102243497145462,0.02378162105999402,0.08667627392533017,0.06521346168882093,0.0651882364079651,0.06695223774480996,0.03346689363529632,0.06495088920596687
2021-12-01,0.10943962732221346,0.10893158473818987,0.10761446042812473,0.025420662170604777,0.10617484321212389,0.09089746206291444,0.09010585417050027,0.0856537339137819,0.0202188635879181,0.08689178846250734,0.06508269722678107,0.0644531469299309,0.06198493418388339,0.029501116295136895,0.06267388976761923
2022-01-01,0.11331443471451114,0.11154954305613873,0.10630109529487453,0.019654692821086034,0.10406470322516748,0.09552860250666811,0.09322853099618389,0.0770395225840641,0.013675643774262721,0.07875491341849905,0.0700918099842185,0.06780329589668369,0.05475298772423051,0.022740255370650605,0.055692382848872145
2022-02-01,0.12068323373043277,0.11839566276927393,0.11147463505694266,0.018552488566232598,0.1111056860271325,0.1044816476026853,0.10151211757254375,0.0800325604513406,0.012613673372850643,0.07998419136288032,0.0800562709817364,0.07690983787166566,0.058527610949037294,0.023014890398864698,0.05867169582005871
2022-03-01,0.1318947157620235,0.126447399371103,0.1101831098368431,0.009644711267904057,0.10926568730519765,0.11844144584694538,0.11145863994172017,0.0643262110689147,0.004682768438687286,0.06438707001092658,0.09626370369456494,0.08823520009451924,0.04567947402706046,0.012517201841306084,0.045938939790442515
2022-04-01,0.12094014973797085,0.11542534490228018,0.0992066517325007,0.00971755248772526,0.0865824939578883,0.10479710540826659,0.09789773036706961,0.053226967524961775,0.0042745589942914,0.06251509282697494,0.08041378852808895,0.07289824552885056,0.03495309925778134,0.01003211262644893,0.03908073480629755
2022-05-01,0.11998390872236453,0.1164369344352078,0.10580146698659854,0.01808995568181895,0.09733223618675851,0.10362407290192743,0.0991252204257504,0.0677835474932128,0.010545809324804343,0.0746015262217374,0.07908650378860183,0.07425415115250299,0.04737414944639239,0.01873061086517413,0.05063526546814369
2022-06-01,0.1521048863628494,0.14841224495087585,0.13683824043819665,0.02554622361745073,0.13490812016830106,0.14450043205745178,0.13957439349755923,0.1016329266032906,0.017779343206569053,0.10276305918133061,0.12836984319541173,0.12221675851837077,0.08434720994397338,0.03572420476264625,0.08517870839556052
2022-07-01,0.19176843597978083,0.1913903135258454,0.1893788659859152,0.05986895452429459,0.18877242175918568,0.19822071728897017,0.19777875011232848,0.18880058719929083,0.061675104822658755,0.1890258599180723,0.2001195814638579,0.1992821903097377,0.18919736209586485,0.10899472678003391,0.1893983524262311
2022-08-01,0.20511003664184568,0.2025546371131977,0.19355806872187192,0.04885230757239894,0.18902453517308054,0.21686285846709125,0.2134085937372599,0.1793128883752097,0.045333959985410066,0.18343974065773905,0.2262384919097516,0.22104118665861316,0.18117861475799468,0.09337650547223669,0.183869598183237
2022-09-01,0.207515933392993,0.20267847618685575,0.1867369574020286,0.03970779535059229,0.17390318848322894,0.22024846451845004,0.2135828912774661,0.1562740198493614,0.03172876560261625,0.1687037612336872,0.23103081890640365,0.22128569745107884,0.15468516497009976,0.07240296083230267,0.16237542769045993
2022-10-01,0.22675224128139576,0.22506970371674628,0.21842024015935424,0.08105782211576279,0.19825758438923352,0.2475390154235363,0.2453815629789139,0.21853590767388453,0.0827140596404613,0.24173614798471094,0.27009453884513845,0.2664474558009501,0.2334311105483694,0.14666378744168357,0.247885337155493
2022-11-01,0.272205894048892,0.2725073468217414,0.2713553972600644,0.10941245882693179,0.2894629184226546,0.31309296768200023,0.314020963053876,0.30651915678226527,0.13108949527893776,0.2849224606728369,0.36569414472861583,0.3660447760769294,0.354148490772821,0.23801234606066585,0.34010867266151545
2022-12-01,0.2598730031692128,0.26001863728098573,0.2585758602028914,0.10831027031759927,0.252796440241485,0.29520692473367094,0.2958420058501657,0.2874602022008015,0.12661140584816727,0.2936999926164683,0.33949994461941047,0.33954574812205707,0.3270920244107077,0.22193732021317586,0.3309786592074161
2023-01-01,0.29791963898459173,0.3010648372163598,0.3085920140274899,0.15356827501244796,0.32165827556614907,0.35048177617303655,0.3556986176855648,0.3814165599860052,0.20541552085693293,0.3653990332223107,0.42032615530014056,0.42663162692231915,0.4536735663953239,0.3397796086279033,0.4431765521712405
2023-02-01,0.3040430876799447,0.3039678812834068,0.3010946584076759,0.11897409260036695,0.2996524262991051,0.35938903270219935,0.35993641071216753,0.3452947383653495,0.1458441008265201,0.3461005818559606,0.43327332602301816,0.43275934891846823,0.41101226397859725,0.2780747451650068,0.4113770938674687
2023-03-01,0.29899673949913075,0.30378027811364516,0.3166043760071058,0.18191071278088966,0.31936042470643444,0.3520486985283324,0.35966257460851037,0.40613455465317316,0.25157473710371087,0.4027033974557368,0.4226063481781964,0.4323636469109172,0.48393208907723906,0.38505056770916696,0.4812528841263865
2023-04-01,0.3020305042188929,0.30695641487674097,0.3201895928553331,0.1842140721130775,0.3255509426346376,0.3564617803625421,0.3642981293607118,0.4122874692147074,0.25612041102556166,0.40570760379450804,0.4290224623160037,0.4390571416698622,0.4921895647376512,0.3923714003998247,0.48755092846726444
2023-05-01,0.33065207649931766,0.33736533803251456,0.3559035092584584,0.2348363764637208,0.34967481900056707,0.3980247135708164,0.40856926522707504,0.47605063947205767,0.33731412246755005,0.4837143045073356,0.48889850403489454,0.5023000918844007,0.5752084567692507,0.48809889202672485,0.5790179720422514
2023-06-01,0.3459493841994897,0.3484659374482638,0.3531603635486873,0.16807733013231457,0.3685455893742282,0.4201366230255717,0.4246484394098153,0.43837028952065543,0.22862302343379676,0.4195701886253226,0.5202174753807467,0.5248826374051843,0.5352739732248776,0.4018760884476078,0.5233627224708928
2023-07-01,0.33425102670421697,0.33799607292256056,0.3468350580687765,0.19091587532350907,0.3388052697993662,0.40323534593476157,0.4094843597935675,0.4394216691265145,0.26196123630014356,0.4487378262235579,0.49631758780447427,0.5035916181055828,0.5333950068281706,0.42168034376997493,0.5385365932472835
2023-08-01,0.3152279266558191,0.3194568310633359,0.3301891269300027,0.19968181194155393,0.32367993322231736,0.37564786410281004,0.38252681468775696,0.42034141724798657,0.2715198605930059,0.4280620778668079,0.45680028184618654,0.4652615689247992,0.5055225056815076,0.41150211079007026,0.5097369263761988
2023-09-01,0.26997465118348307,0.2736344030004243,0.28331758452594624,0.19501711290242785,0.26194191591645977,0.3098536227568971,0.3156637720540103,0.3504044426215715,0.2507169506642822,0.37745195514219565,0.36094964781345756,0.36843946358839497,0.4077434189735702,0.3452538723473134,0.42427081853745235
2023-10-01,0.24281233709360805,0.24633011000551674,0.25603121520072625,0.1954796037277417,0.2440429355789765,0.27056874851716894,0.27598885106073945,0.31119016652980763,0.24357722925090491,0.3263060550070285,0.3035043235694362,0.31066053288772766,0.35159577604129305,0.31037565933183675,0.3607572316607731
2023-11-01,0.2695977365205159,0.2748020063636667,0.2895466525725339,0.2176112190024415,0.3128774364845477,0.30930654451156947,0.31736599372887364,0.3722375330166349,0.28979695993970417,0.34423630330690025,0.36014833906655985,0.37092054472049596,0.43435599087075033,0.3815705088421629,0.4160922293311497
2023-12-01,0.29652320238868923,0.30407835966302843,0.3260545690120903,0.25210883044672855,0.3497318120337751,0.3484502412582687,0.3600976695299768,0.44275908292920474,0.3570642963101291,0.41460409460202147,0.4173683304287391,0.4329923560732538,0.5269445954288807,0.47024105203926514,0.5089297317041224
2024-01-01,0.2779286985019278,0.28539905640637675,0.3074792937272348,0.25240604244721576,0.303427975780202,0.3214067325720612,0.3328265459623593,0.41678516024092505,0.35255820959513146,0.4224077026690849,,,,,
2024-02-01,0.2803996970000281,0.28539142807102824,0.29923644922506354,0.20982144655595641,0.30253394213012486,0.3249984261810649,0.3328154110516721,0.3838345546309078,0.2815007255561782,0.3798300582699674,,,,,
2024-03-01,0.2856217446520151,0.29088549268693664,0.30552495533330837,0.21450788494820655,0.3116745767462112,0.33259177294995174,0.3408361498653675,0.39486495841037866,0.2904758286260217,0.3874035314893423,,,,,
2024-04-01,0.2596791403745656,0.2623792546477872,0.2691264131248349,0.17540043619295614,0.25767127509048604,0.2949261914423999,0.29927417514060894,0.32259893374549964,0.21836414242085322,0.3366250404654558,,,,,
2024-05-01,0.2683665133659756,0.2720613375401152,0.28188719169696164,0.1907362210365508,0.28984594336114977,0.30751974646580427,0.31337094032976254,0.3487042827299887,0.24580665174597438,0.33889016552574514,,,,,
2024-06-01,0.2729278833170745,0.27765997697942846,0.29079221632746405,0.20678258016383644,0.2976704105155987,0.3141414304704776,0.32153378110572833,0.3699001388406523,0.2740204047432978,0.36149888604824953,,,,,
2024-07-01,0.2659896324101855,0.27328626757730334,0.29503858368660135,0.25068524248957946,0.2987556493012301,,,,,,,,,,
2024-08-01,0.25472548117493027,0.2631222873608603,0.2888186839047458,0.2663303657406605,0.294864206039112,,,,,,,,,,
2024-09-01,0.22508041791828637,0.23212711025806299,0.2539237168038343,0.2263349711978379,0.2604734327889734,,,,,,,,,,
